Price,Close,High,Low,Open,Volume
Ticker,MSFT,MSFT,MSFT,MSFT,MSFT
Date,,,,,
2020-01-02,152.5057373046875,152.6101808652379,150.33143071060707,150.75869455360782,22622100
2020-01-03,150.60678100585938,151.86959339189596,150.075073577621,150.32194808926084,21116200
2020-01-06,150.99600219726562,151.06247283904833,148.60330538796924,149.14451665528264,20813700
2020-01-07,149.6192626953125,151.60367510473966,149.37240277675932,151.27136534760285,21634100
2020-01-08,152.00244140625,152.67657943105735,149.97055222344378,150.90103974022296,27746500
2020-01-09,153.90138244628906,154.02481962095533,152.8949348348202,153.66401217988863,21385000
2020-01-10,153.18931579589844,154.97434534980923,153.0373953045155,154.59455860928736,20725900
2020-01-13,155.0313262939453,155.05980957773,153.1133697541345,153.58811046779502,21626500
2020-01-14,153.93939208984375,155.33513061739103,153.55010131948112,155.13573319005567,23477400
2020-01-15,154.93634033203125,155.6579553399232,154.35717068949413,154.40463316070066,21417900
2020-01-16,157.77529907226562,157.84176971460525,155.7434097574871,156.0472507145809,23865400
2020-01-17,158.6583251953125,159.00962862726476,157.07267873319398,158.96215166642233,34371700
2020-01-21,158.08863830566406,159.69326403956893,158.02216765967506,158.25953798746136,29517200
2020-01-22,157.32901000976562,159.02858923407632,157.31001633179213,158.94312492716125,24138800
2020-01-23,158.29751586914062,158.37347610803346,156.9207709480515,157.79429196341795,19680800
2020-01-24,156.70240783691406,159.06662179825054,156.14221727387803,159.04762811314887,24918100
2020-01-27,154.08180236816406,155.12623744531845,152.1068798055021,153.00888401508118,32078100
2020-01-28,157.10116577148438,157.38599854121892,154.83190628235468,155.50602982130422,24899900
2020-01-29,159.55084228515625,160.22498042935823,157.3195697689756,159.36094890964196,34754500
2020-01-30,164.0513916015625,165.2572370102274,162.16191844057855,165.2572370102274,51597500
2020-01-31,161.6301727294922,163.69054509436427,161.0130157747917,163.51015584503386,36142700
2020-02-03,165.57054138183594,165.68447449319962,161.79159565835778,161.8200789361987,30107000
2020-02-04,171.02059936523438,171.51433379094814,167.40307724823202,168.19114861437248,36433300
2020-02-05,170.8116912841797,174.89446403969472,169.3969733266185,174.7330539466545,39186300
2020-02-06,174.353271484375,174.53367526571967,170.96361598336935,171.8276475214221,27751400
2020-02-07,174.6001434326172,176.2522463728986,173.26137110969623,173.61268909833885,33529100
2020-02-10,179.16712951660156,179.30005632732252,173.9924590084795,174.30578959545088,35844300
2020-02-11,175.12234497070312,181.06609308949365,174.22983017110295,181.01861612373997,53159900
2020-02-12,175.37867736816406,176.46108534764494,172.66316057923015,176.20472136915564,47062900
2020-02-13,174.42929077148438,176.8219742418592,173.6317151267517,173.83111265992014,35295800
2020-02-14,175.98635864257812,176.0433252005315,173.42274763120017,173.99244218660291,23149500
2020-02-18,177.7713623046875,178.21761963094866,176.12876387343266,176.23320738570513,27792200
2020-02-19,178.30453491210938,179.1613962650694,177.53335678894416,179.04715195867632,29997500
2020-02-20,175.58160400390625,178.2759769882036,172.4207237419166,177.99035168966387,36862400
2020-02-21,170.03102111816406,174.70571148986244,168.75524447726494,174.3915250882964,48572600
2020-02-24,162.70005798339844,166.18465515217062,155.40716170842933,159.72958932936746,68311100
2020-02-25,160.01519775390625,166.46073285003268,159.61531360581694,165.8514056385486,68073300
2020-02-26,162.0145263671875,164.95643327525875,160.14846836228023,161.57658020435423,56206100
2020-02-27,150.5991973876953,159.02506587788727,150.4087853173964,155.4928762121868,93174900
2020-02-28,154.24560546875,155.8641439606252,144.7153436590033,145.1056977436323,97012700
2020-03-02,164.50901794433594,164.6327923319189,154.53127691657093,157.38750165763997,71030800
2020-03-03,156.62579345703125,166.6130616388873,154.48362552167413,165.47057497886473,71677000
2020-03-04,162.37632751464844,162.51913289503506,157.68259213669793,160.4150561439755,49814400
2020-03-05,158.3014678955078,162.6810028946942,157.74926281414156,158.0920102947307,47817300
2020-03-06,153.82669067382812,155.29287907592652,148.52362850342044,154.81684180508222,72821100
2020-03-09,143.40145874023438,150.18975467813294,142.8111771899838,143.76325170458367,70419300
2020-03-10,153.20787048339844,153.31259928936166,145.26757037585006,150.5801493440142,65354400
2020-03-11,146.26722717285156,150.14216328627552,143.90607167718443,149.59948831217446,56371600
2020-03-12,132.39549255371094,146.11489113015546,131.93850080995347,138.33644333258042,93226400
2020-03-13,151.21804809570312,154.15044033680311,133.98548773594624,140.43103844978467,92727400
2020-03-16,128.92996215820312,142.19237110925772,128.53009250260706,133.29046629899992,87905900
2020-03-17,139.54559326171875,140.43101574371315,128.53008220611034,133.29045562115147,81059800
2020-03-18,133.67127990722656,139.0029039520048,128.54912798276825,131.38630647518264,81593200
2020-03-19,135.87057495117188,142.9539978968266,132.33837173085726,135.9276971037771,85922700
2020-03-20,130.7674560546875,140.05018368392615,129.34885962811197,139.00289578141994,84866200
2020-03-23,129.46311950683594,133.83315361883407,126.16894903091577,130.4437553300874,78975200
2020-03-24,141.2307586669922,142.43038209641236,134.49959803721939,136.86073924483702,82516700
2020-03-25,139.8788299560547,146.9337078157321,137.51768848459022,141.77346406617644,75638200
2020-03-26,148.62841796875,149.15206208598235,141.25935277740615,141.28791386311786,64568100
2020-03-27,142.52557373046875,147.4668435414475,142.0495364003553,144.47732968943524,57042300
2020-03-30,152.5509490966797,152.90322666976797,142.8207429707394,145.134292409769,63420300
2020-03-31,150.1516876220703,156.88284731331882,149.05679314426825,151.760681450788,77927200
2020-04-01,144.82009887695312,150.18980018520003,143.5919287730892,145.6674448705902,57969900
2020-04-02,147.819091796875,148.0285493634673,143.15393223732946,144.58204408545626,49630700
2020-04-03,146.45767211914062,149.83754065445603,144.89626998674962,147.66681121497362,41243300
2020-04-06,157.3494110107422,158.5204589823689,150.02795325346136,152.63664351406544,67111700
2020-04-07,155.6547393798828,161.85274209735405,155.4357516807668,161.46238787981076,62769000
2020-04-08,157.21609497070312,158.68228357100458,155.66420860916136,157.73020890061215,48318200
2020-04-09,157.22564697265625,159.3487699126129,155.5023937437558,158.3871795022761,51385100
2020-04-13,157.57789611816406,157.6350328097064,154.5217441222941,156.4735003826598,41905300
2020-04-14,165.3753662109375,165.42297284963294,159.94854353230696,160.90061819618973,52874300
2020-04-15,163.64260864257812,165.2516172547934,161.12913194567304,162.99519027424256,40940800
2020-04-16,168.55532836914062,168.78383156754103,164.61373899366873,165.94665252640667,50479600
2020-04-17,170.04055786132812,171.37345671365338,167.44138330803202,170.89741933389323,52765600
2020-04-20,166.67018127441406,170.1833389597177,166.60354360506855,168.16494540659173,36669600
2020-04-21,159.77720642089844,165.34683551138266,158.1491520544436,165.18498453208747,56203700
2020-04-22,165.20399475097656,165.66098650812486,162.63339614169652,163.17607112940274,34620200
2020-04-23,163.20462036132812,166.67017120048723,162.7190675625672,165.76570326828318,32790800
2020-04-24,166.18467712402344,166.19419264314408,162.52871298530863,163.81400538707817,34277600
2020-04-27,165.70863342285156,168.42203807592034,164.99457727296354,168.1268971917015,33194400
2020-04-28,161.67181396484375,167.25097268418668,161.27194430574508,167.17480495947623,34392700
2020-04-29,168.9265899658203,169.1646086167517,163.642587537148,164.91836401953887,51286600
2020-04-30,170.62132263183594,171.7542793831699,167.78412941217093,171.37345529352075,53875900
2020-05-01,166.2036895751953,170.07862610171935,165.67051553295815,167.37473740415624,39370500
2020-05-04,170.26905822753906,170.42139368615116,165.470607501329,166.12754145502342,30372900
2020-05-05,172.09701538085938,174.84851064820512,171.2782305680416,171.96372550563353,36839200
2020-05-06,173.7917022705078,175.3721496947665,172.925325369685,173.35375606174136,32139300
2020-05-07,174.80096435546875,175.70543264069235,173.82984385140765,175.34363951559865,28316000
2020-05-08,175.82911682128906,176.13378764338785,174.57238599889257,176.11474208513056,30877800
2020-05-11,177.7904510498047,178.52353817638254,174.0868807074852,174.37249152173197,30892700
2020-05-12,173.76316833496094,178.0760660618558,173.56324076027528,177.8475774050722,32038200
2020-05-13,171.1353759765625,175.22929886369985,168.07921071444872,173.80118724219864,44711500
2020-05-14,171.87802124023438,172.03035665828403,167.26045375720105,169.03131304138955,41873900
2020-05-15,174.3820037841797,178.0950892658203,168.5172202045824,170.47849174244934,46610400
2020-05-18,176.04815673828125,177.2763268520163,175.14368857359156,176.84789609269052,35264500
2020-05-19,174.8294677734375,177.65713056761624,174.6961779072391,176.16236643542155,26799100
2020-05-20,177.25450134277344,177.43590168394044,175.61237082100766,176.44297810112155,31261300
2020-05-21,175.12545776367188,178.21877656541264,174.99179664947147,177.00626995004328,29119500
2020-05-22,175.20184326171875,176.10884503151505,174.27575745211465,174.89633837713157,20826900
2020-05-26,173.34967041015625,178.0564643243358,172.90094786009448,177.90370461198114,36073600
2020-05-27,173.5788116455078,173.75066997997266,168.60469505346364,172.04170149509764,39517100
2020-05-28,173.18736267089844,175.81286026389589,172.21355223443322,172.55725432023527,33810200
2020-05-29,174.95358276367188,175.92740760351523,172.2421637494854,174.45712104187402,42130400
2020-06-01,174.55264282226562,174.71494457453366,173.2446722158897,174.27576398700788,22622400
2020-06-02,176.53843688964844,176.6243587570561,173.13961372227922,175.90831405939235,30794600
2020-06-03,176.9680633544922,177.52180634351802,175.26865174622563,176.45251757462225,27311000
2020-06-04,174.63848876953125,177.42628711054928,174.04656327535915,175.95601539123152,28761800
2020-06-05,178.7247772216797,179.2307810427363,173.76974492872102,174.35212860910278,39893600
2020-06-08,179.8322296142578,180.0136299251493,176.08970461680087,177.52179393272417,33211600
2020-06-09,181.2070770263672,182.06632497526755,178.78206376690073,179.48856656059746,29783900
2020-06-10,187.9283447265625,189.53229268503193,182.3622879583932,182.4768650348354,43872300
2020-06-11,177.83685302734375,186.8971953252528,177.6459107012866,184.38627533006792,52854700
2020-06-12,179.24037170410156,183.04017937807552,176.79625944497164,181.9135944488241,43373600
2020-06-15,180.385986328125,182.1808764027824,175.67917817531608,176.2233791495134,32770200
2020-06-16,184.80638122558594,186.72537588920386,182.79190810253792,184.15715975098976,42556700
2020-06-17,185.446044921875,187.43187740792754,184.9209425343185,186.20027230184343,25687800
2020-06-18,187.43191528320312,187.5942170416145,185.21694278918093,185.21694278918093,23061600
2020-06-19,186.31483459472656,190.26740095716144,185.57014923426544,189.5990954500768,44441100
2020-06-22,191.48947143554688,191.67085720535485,186.39122164361794,186.92586606992526,32818900
2020-06-23,192.76882934570312,194.7164649779574,192.31055014096202,192.94067312150344,30917400
2020-06-24,188.8831024169922,194.04817669267746,187.6610535643899,192.47288366848636,36740600
2020-06-25,191.2698974609375,191.5276776868117,186.62038421482217,188.84489863758367,27803900
2020-06-26,187.44140625,190.84022936621224,186.05705610227983,190.68746967003122,54675800
2020-06-29,189.45591735839844,189.54183924181,184.78730564276714,186.91634152801396,26701600
2020-06-30,194.29635620117188,195.14606207851222,188.78759559511929,188.92125670274692,34310300
2020-07-01,195.43246459960938,197.00777168624572,192.6351236205007,193.9430939489472,32061200
2020-07-02,196.9218292236328,198.6021567312865,195.7188794044441,196.36808625569842,29315800
2020-07-06,201.16078186035156,201.57132164951713,198.66894621232692,199.37544875500328,31897600
2020-07-07,198.82171630859375,204.95105630690222,198.5734927595905,200.92211087821286,33600700
2020-07-08,203.1944122314453,203.604937572175,199.24184569768227,200.55937273159265,33600000
2020-07-09,204.61695861816406,206.58369257111062,201.8959826895734,206.53595333994855,33121700
2020-07-10,203.996337890625,204.3877791145161,201.52360062003234,203.94859866879057,26177600
2020-07-13,197.69517517089844,206.02993140575356,197.1509742058901,204.7696857402396,38135600
2020-07-14,198.91722106933594,199.3945841968669,192.88334414472072,196.79772761766117,37591800
2020-07-15,198.62124633789062,201.7623039169299,195.74752551635757,200.07243434393845,32179400
2020-07-16,194.68777465820312,196.38718621345686,193.15066481688189,196.1007654255898,29940700
2020-07-17,193.6948699951172,195.75706766321048,192.2723226107304,195.2128812655641,31635300
2020-07-20,202.02008056640625,202.68838602860433,193.8189709975405,195.71888148175816,36884800
2020-07-21,199.29910278320312,204.2541343042326,198.61169872433393,203.98681212222417,37990400
2020-07-22,202.16331481933594,202.68841725194093,198.95543353865747,199.72875959032635,49605700
2020-07-23,193.3702392578125,201.37084952188934,192.99789662037506,197.80972485429893,67457000
2020-07-24,192.1864013671875,193.6757720198578,188.56798064012895,191.34623758651531,39827000
2020-07-27,194.6209716796875,194.73553417958752,191.7663346574463,192.34871831188454,30160900
2020-07-28,192.87380981445312,195.4324692873815,192.60648761781783,194.39182112419647,23251400
2020-07-29,194.82144165039062,195.38472665720974,192.86424986998557,193.33207098993546,19632600
2020-07-30,194.668701171875,195.203360176597,190.53474880627297,191.9000005238427,25079600
2020-07-31,195.72840881347656,195.81434524128466,190.0000517365161,195.14602526126697,51044000
2020-08-03,206.7364501953125,207.78665507240189,200.91262784118373,201.9437341110618,78983000
2020-08-04,203.63356018066406,205.0465655524078,200.78847996863612,204.47372396192068,49280100
2020-08-05,203.29942321777344,205.2661570897117,201.9914528320211,205.17067863132021,28806400
2020-08-06,206.55503845214844,206.57412248899215,201.9723493513592,202.726576709763,32656800
2020-08-07,202.8602294921875,205.93444918218864,201.38040089130416,205.12294061058364,27820400
2020-08-10,198.82171630859375,202.28737681764227,197.00774249118737,202.08687792070398,36716500
2020-08-11,194.17222595214844,198.24889647860272,193.94308641173365,197.781089947876,36446500
2020-08-12,199.71922302246094,200.75987132859507,195.48023536785797,195.99578122705358,28013100
2020-08-13,199.25137329101562,201.7814066937135,198.72627091928837,199.95787598824566,22588900
2020-08-14,199.44232177734375,200.10108526689314,198.11525277954402,199.3086606756937,17958900
2020-08-17,200.75985717773438,201.62866165888732,199.46142874953955,200.110650247621,20184800
2020-08-18,201.91506958007812,202.7456767958263,199.73829479069403,200.99852592603722,21336200
2020-08-19,200.69007873535156,202.9869696907495,200.25941624470937,202.40317821577736,27627600
2020-08-20,205.36038208007812,205.76233465586125,199.93400040223327,200.53692196431712,26981500
2020-08-21,203.867431640625,206.95864805211912,203.70473757719722,204.67133687280338,36249300
2020-08-24,204.50865173339844,206.26002616768562,203.30277922932777,205.56138064913605,25460100
2020-08-25,207.169189453125,207.303173653771,203.9439889498141,203.9439889498141,23043700
2020-08-26,211.64813232421875,212.54774691429176,208.02097870599704,208.51864063728559,39600800
2020-08-27,216.84483337402344,221.21847252990807,209.97331950866044,213.31337447169233,57602200
2020-08-28,219.0746612548828,220.73032602234508,216.84477023354054,218.3760159052534,26292900
2020-08-31,215.8399200439453,218.8737166786634,214.67233716204333,217.24676147372583,28774200
2020-09-01,217.50514221191406,217.67740133897408,214.78715429178908,215.8207528636933,25725500
2020-09-02,221.6969451904297,222.85496288605776,217.58171021018055,218.17506668389095,34080800
2020-09-03,207.9635467529297,219.45752291053657,205.7240900986162,219.4192479656968,58400300
2020-09-04,205.0445556640625,208.97796639418414,196.3738290656058,205.85804048929984,59664100
2020-09-08,193.95254516601562,201.00588220839958,193.51230302974906,197.62755281283188,52924300
2020-09-09,202.2117462158203,205.60922048804156,197.81896281811265,198.6803023452128,45679000
2020-09-10,196.54611206054688,205.51353258521655,195.34025420679887,204.23109563870372,35461500
2020-09-11,195.26368713378906,199.666050305795,192.59356813467994,198.29748380280336,33620100
2020-09-14,196.58441162109375,200.211565055295,195.26369966410363,195.4646832848915,30375800
2020-09-15,199.80960083007812,200.76663503832762,198.03908170354327,199.46506793098098,21823900
2020-09-16,196.23985290527344,201.5992353158293,195.84746540395426,201.57052545994566,26328100
2020-09-17,194.19183349609375,195.55082045095958,191.368585229138,191.45471481145282,34011300
2020-09-18,191.78005981445312,194.89998567612304,187.81793928450222,194.08651546533457,55225300
2020-09-21,193.8376922607422,194.0004009186753,187.94237293600173,188.71756826877157,39839700
2020-09-22,198.50802612304688,199.15881695339687,193.39746715141118,196.24942489391904,33517100
2020-09-23,191.97146606445312,199.1588014809056,191.43552930649702,198.96738297890863,30803800
2020-09-24,194.45977783203125,196.73752385885328,190.6412061876266,191.26328716801197,31202500
2020-09-25,198.89085388183594,200.05842216755153,193.8376998854324,194.80431377069104,29437300
2020-09-28,200.4412384033203,203.43676002099645,199.12052657898317,201.8193699412056,32004900
2020-09-29,198.35487365722656,201.04415162760097,197.92421125164702,200.35508593740136,24221900
2020-09-30,201.29302978515625,202.87213056801622,197.66586154345316,198.80473471797444,33829100
2020-10-01,203.33152770996094,204.7957891208522,202.2405091174697,204.3172719381247,27158400
2020-10-02,197.33087158203125,201.9246383727802,196.7087906293776,199.0631010382104,33154800
2020-10-05,201.34083557128906,201.36954542559826,198.08691091882932,198.31660435648405,21331600
2020-10-06,197.0628662109375,201.14939070590177,196.0197026992869,199.84783853933692,28554300
2020-10-07,200.8144989013672,201.08246732374164,197.8381217927517,198.16350993375156,25681100
2020-10-08,201.53228759765625,202.11607911333277,199.3693953051289,201.46528818614652,19925800
2020-10-09,206.53756713867188,206.58542177365823,202.15434835187833,202.15434835187833,26458000
2020-10-12,211.88735961914062,214.2416701052122,207.4945762789934,209.38949984869137,40461400
2020-10-13,213.28466796875,215.53370444968047,210.95906699025755,213.15068374881272,28950800
2020-10-14,211.37059020996094,214.58622595275352,209.71492500584927,213.41864297093585,23421700
2020-10-15,210.22215270996094,210.89207378296717,206.7289688383401,207.77214729829,22733100
2020-10-16,210.22215270996094,212.7391429273404,209.8967645606699,210.69109015947322,26057900
2020-10-19,205.015869140625,212.74870729118058,204.5373520367776,210.94947830769584,27625800
2020-10-20,205.42739868164062,208.03053304487474,203.93442756808835,206.52799684584008,22753500
2020-10-21,205.57093811035156,207.59984583306044,203.96311314649793,203.96311314649793,22724900
2020-10-22,205.6571044921875,206.7768328944858,202.60416267411318,204.73834511935604,22351500
2020-10-23,206.93948364257812,206.98733826920613,204.00139648834562,205.791045619415,18879600
2020-10-26,201.05374145507812,207.04477013994912,199.15881787540803,204.66176438764387,37111600
2020-10-27,204.0875244140625,205.44651110092087,201.29298655899265,202.49884428314488,36700300
2020-10-28,193.97166442871094,199.86699799100134,193.41659750136685,198.74726984609313,51195600
2020-10-29,195.92405700683594,198.45062689659414,194.6320549005072,195.30199057234228,31432600
2020-10-30,193.77072143554688,195.51251613796734,191.04316804272622,194.7564655227637,36953700
2020-11-02,193.63673400878906,196.45998201562932,191.52168197331255,195.51251288790638,30842200
2020-11-03,197.5605926513672,199.17798302947403,194.3928113087722,195.12973184265215,27512000
2020-11-04,207.09263610839844,208.93971976294654,203.29320905322973,204.82446966001,42311800
2020-11-05,213.6961669921875,214.49050715621627,211.64811432218954,212.4998742035629,36080100
2020-11-06,214.10769653320312,214.72019784892188,208.66216949337468,212.7104201487786,25231900
2020-11-09,209.00669860839844,218.31863729684716,208.51861642294992,214.7967584460861,44395000
2020-11-10,201.94381713867188,207.19794108665346,200.70924922688286,205.28387234682293,44045100
2020-11-11,207.24574279785156,208.67171429881148,203.08263851065,203.26447733100426,29440800
2020-11-12,206.18344116210938,209.6957547666248,205.24555177695154,207.87739570923154,21593900
2020-11-13,207.20748901367188,208.0783937229368,204.95846719253126,207.0639397113466,18621100
2020-11-16,207.89651489257812,208.38461163299147,205.30296064141453,205.63791381682324,24953300
2020-11-17,205.24554443359375,208.32718087457053,204.88186679385396,206.81507981110704,24154100
2020-11-18,202.53965759277344,206.4641717610796,202.3957178415829,205.00566720255588,28372800
2020-11-19,203.82545471191406,204.41077461046976,201.43619519654735,202.82753970263718,24792700
2020-11-20,201.8776092529297,204.66026924802807,201.5033892585348,203.61437421772166,22843100
2020-11-23,201.60887145996094,203.70066081733808,199.73777211702892,202.41488123208356,25683500
2020-11-24,205.20713806152344,205.58135791735012,200.40944009379064,201.1098998974842,33979700
2020-11-25,205.21676635742188,206.5793110767255,203.86382640634406,206.40660094564046,21012900
2020-11-27,206.521728515625,207.51965801723676,205.37987391349907,206.15711338051779,14512200
2020-11-30,205.40870666503906,206.0707768754735,202.30938234815488,205.437491689779,33064800
2020-12-01,207.4621124267578,208.5272022203273,204.71782793602847,205.83088300781273,30904500
2020-12-02,206.6560821533203,206.75204198993873,204.190072479513,206.18591702157005,23724500
2020-12-03,205.57179260253906,207.62520699489636,205.00565304654657,205.9268176097469,25120900
2020-12-04,205.68695068359375,206.6656853723853,204.55468611392993,205.55261569818433,24666000
2020-12-07,205.6197509765625,206.8191755730135,204.37236110938431,205.696515907705,24620000
2020-12-08,207.27017211914062,208.17214180932788,204.27641284227593,205.31271750920934,23284100
2020-12-09,203.23049926757812,206.52171321441085,202.66437439228125,206.45455305295152,32440600
2020-12-10,202.00233459472656,204.4587542835817,201.84880470381904,203.201759414786,26733300
2020-12-11,204.63143920898438,204.6890238920396,200.64935515374503,201.55132484988866,30979400
2020-12-14,205.53343200683594,207.46211646706954,204.26684702413348,204.47794696148657,28798400
2020-12-15,205.4662628173828,206.70406272172727,203.65273317434787,206.46417777084216,27000600
2020-12-16,210.4078826904297,211.20430246821877,206.0323836174708,206.06116863968117,35023300
2020-12-17,210.5421905517578,211.95271502401806,209.1028810609954,210.97398047070388,32515800
2020-12-18,209.7457733154297,210.80127281082716,207.27976397278425,209.7457733154297,63354900
2020-12-21,213.58396911621094,214.93692380229916,208.4888149169169,208.74789477288223,37181900
2020-12-22,214.8793182373047,216.50094263879487,212.87388382045947,213.6798936375532,22612200
2020-12-23,212.0774688720703,214.5146932710485,211.86636896648002,214.08290333376428,18699600
2020-12-24,213.73748779296875,214.56269259636701,212.2501981931746,212.46129811786358,10550600
2020-12-28,215.8581085205078,216.88480862933818,213.99659871863554,215.36873378700318,17933500
2020-12-29,215.08082580566406,217.98823003223873,214.53389577009193,217.1534351478008,17403200
2020-12-30,212.71078491210938,216.50097899696252,212.50928974470457,216.11715427573614,20272300
2020-12-31,213.42083740234375,213.97737223508196,210.79169311832163,212.7299675852491,20942100
2021-01-04,208.88221740722656,213.9773713050936,206.1187381508586,213.52638643641092,37130100
2021-01-05,209.08372497558594,209.67864963168427,206.97274025893688,208.469620064535,23823000
2021-01-06,203.66229248046875,207.73074590269525,203.36483752901268,203.58552755083278,35930700
2021-01-07,209.4579315185547,210.46545121287744,205.06325222351228,205.37988746553668,27694500
2021-01-08,210.734130859375,211.65529553000536,208.2489262362572,209.8321610847662,22956200
2021-01-11,208.69033813476562,210.05288303587952,207.96107844021387,209.6306831372268,23031300
2021-01-12,206.23387145996094,208.31608560211117,204.68902651806664,207.74035589548853,23249300
2021-01-13,207.5868377685547,207.9898427294301,205.27434332602658,205.36071303589776,20087100
2021-01-14,204.4011688232422,208.66152780549393,204.13249885511956,207.17423821247684,29480800
2021-01-15,204.04612731933594,205.83087188668628,203.45121734402414,204.88093687983877,31746500
2021-01-19,207.68276977539062,208.2009147581072,204.0269259531728,205.10160570482998,30480900
2021-01-20,215.2631072998047,216.6544367718072,208.49835028737814,208.89176503174247,37777300
2021-01-21,215.86767578125,217.1438655065322,213.42084629718013,215.60859592868792,30709400
2021-01-22,216.8080291748047,220.76134336758975,216.66410405188256,217.89231390553917,30172700
2021-01-25,220.24313354492188,220.4830184561712,215.14798037261218,219.84971877653385,33152100
2021-01-26,222.9298553466797,224.70499496772388,220.77089106924308,222.47887052630207,49169600
2021-01-27,223.4767608642578,230.71169744934375,220.82843691168193,228.37041854682602,69870600
2021-01-28,229.26283264160156,232.8227316681534,225.57820339979344,226.07716818506384,49111200
2021-01-29,222.57485961914062,228.38966849505235,221.98953975241002,226.4418038621358,42503100
2021-02-01,229.9536895751953,232.68838365200105,223.02581157927415,225.54940574495873,33314200
2021-02-02,229.81936645507812,232.50608075588323,229.03255145237534,231.53695085313288,25916300
2021-02-03,233.16810607910156,235.17354018534937,229.57942296154394,229.87689251499825,27158100
2021-02-04,232.2182159423828,233.39846040880124,230.64457129523996,232.84192558169505,25296100
2021-02-05,232.4005126953125,233.43681732954676,230.69253319854138,232.4292977150345,18054800
2021-02-08,232.65960693359375,233.82064184477534,231.06676741699246,233.31208694294955,22211900
2021-02-09,233.90699768066406,234.85693261686325,231.6136983743784,232.08386345870682,23565000
2021-02-10,232.99546813964844,235.97003282257953,231.1435486574617,235.0872579374984,22186700
2021-02-11,234.59786987304688,235.23115495661315,232.35253581551774,234.8761299477972,15751100
2021-02-12,235.07765197753906,235.37510696165688,232.90908274109216,234.06052752923827,16561100
2021-02-16,233.83981323242188,236.17150222991458,233.09137346567442,235.11600274275108,26728500
2021-02-17,234.85928344726562,234.96507650561446,231.72398457959287,232.0894541766409,21653500
2021-02-18,234.46498107910156,234.59962546627492,231.64706116356732,232.55110833821877,16925600
2021-02-19,231.7528533935547,234.53230976349187,230.99306282392587,234.42651669715636,25262600
2021-02-22,225.53993225097656,228.82911468835837,223.51063965852657,228.33862759094472,36446900
2021-02-23,224.34735107421875,225.84767822105573,219.98099932623367,221.5198046781942,30228700
2021-02-24,225.57839965820312,226.20353110586373,220.24068577960895,221.2120477133172,26339700
2021-02-25,220.23110961914062,225.61690012530303,219.16356666865607,223.2029132170625,39542200
2021-02-26,223.49142456054688,226.36704708770696,220.76004395905966,222.6739313555886,37819200
2021-03-01,227.87698364257812,228.3867098260675,224.2319439435093,226.87675570412392,25324000
2021-03-02,224.9243927001953,228.22320172977388,224.5204595960881,227.94428610482706,22812500
2021-03-03,218.85572814941406,224.6454646261548,218.5672003455649,223.27978200807803,34029500
2021-03-04,218.05752563476562,223.5972138136232,215.68200248101138,218.06715252474712,44727800
2021-03-05,222.7412567138672,224.34737709839982,217.79786339181743,220.74081539432254,41872800
2021-03-08,218.69229125976562,224.443551081611,218.44224158929848,222.5200514391749,35267400
2021-03-09,224.8378448486328,226.37665024660328,222.808552384188,223.97227598423436,33080500
2021-03-10,223.5298614501953,227.93467679656288,223.16439187152451,227.93467679656288,29746800
2021-03-11,228.05970764160156,230.02167054315927,225.34756648415365,225.97271258487288,29907600
2021-03-12,226.73248291015625,226.79981243058896,224.30886965187727,225.05903321453633,22653700
2021-03-15,225.82843017578125,226.19389973430492,222.94318126146158,225.97270142657817,26034900
2021-03-16,228.61756896972656,230.87767236818883,226.91526758397492,227.24225901905038,28092200
2021-03-17,227.97317504882812,229.42542669569994,224.30891051557515,227.1172182803652,29562100
2021-03-18,221.8949432373047,225.23221664155,221.51986135462977,223.66455957222544,34833000
2021-03-19,221.5390625,223.57796728976257,220.5773127425442,222.183433076479,46430700
2021-03-22,226.9633026123047,227.83848363077567,221.33706135356417,221.46209350268924,30127000
2021-03-23,228.4925079345703,231.82978074938532,228.002020843899,228.4059539788877,31638400
2021-03-24,226.45361328125,228.8964513044981,226.3189688968999,228.75219470524345,25620100
2021-03-25,223.45291137695312,227.87696566112155,222.71237470851386,226.29969681352964,34061900
2021-03-26,227.43455505371094,227.6557680411861,222.69313628302467,222.69313628302467,25479900
2021-03-29,226.24200439453125,227.74233157641052,223.01052482004673,227.54035768263333,25227500
2021-03-30,222.981689453125,224.90518898802316,222.2603771275382,224.59742201837378,24792000
2021-03-31,226.7517547607422,229.9543833600764,223.50103573631569,224.00114974202836,43623500
2021-04-01,233.080078125,233.55132615154153,228.94455090403778,229.34848407327533,30338000
2021-04-05,239.5430145263672,240.39897120703446,233.41665871011114,233.4743613464268,36910600
2021-04-06,238.37928771972656,239.8603758409947,237.43677709710138,238.1388502881798,22931900
2021-04-07,240.3412322998047,241.33183326791055,237.73489895949572,238.33117904802756,22719800
2021-04-08,243.5631103515625,244.41906699343323,242.3609232323544,243.10147460682458,23625200
2021-04-09,246.06365966796875,246.19830403516193,242.78408976152787,243.1976350767871,24326800
2021-04-12,246.12135314941406,247.81404190277658,244.8806878994941,244.96725651993455,27148700
2021-04-13,248.6026611328125,249.27589763738905,247.00615316932647,247.41972783084833,23837500
2021-04-14,245.81362915039062,248.9296891266608,245.4000837782856,247.63135037006475,23070900
2021-04-15,249.5740203857422,249.9875656683285,247.87173416539272,248.0640664746041,25627500
2021-04-16,250.76658630371094,251.0166505967747,247.74670776173645,249.54517485349405,24878600
2021-04-19,248.84310913085938,251.47832327916888,247.95831583894045,250.23765794238443,23209300
2021-04-20,248.3814697265625,250.24726636347467,247.01577233294665,247.9582975398235,19722900
2021-04-21,250.6127166748047,250.70889751208153,247.41010318040776,249.03546247449313,24030400
2021-04-22,247.33319091796875,251.7668430840579,245.86170033030186,250.25688896426033,25606200
2021-04-23,251.16094970703125,251.5071948907045,247.4293558567117,248.01603848589244,21462600
2021-04-26,251.54568481445312,252.401656348328,250.21849455281932,251.65149256989199,19763300
2021-04-27,251.9495849609375,253.12292083823525,250.17034204081673,251.57448846765723,31014200
2021-04-28,244.82301330566406,246.72728837126857,243.2745956256258,246.2848623553483,46903100
2021-04-29,242.85140991210938,246.30410246614957,239.47567376972953,245.68858324908823,40589000
2021-04-30,242.53402709960938,243.3996106161242,240.0527258409525,240.18737020905894,30945100
2021-05-03,242.22628784179688,244.62104995508665,241.51458775779273,243.70737597050828,19626600
2021-05-04,238.31198120117188,241.60117849638647,236.3596302425455,241.37035325676896,32756100
2021-05-05,237.04246520996094,239.95656581721718,236.41733373419922,239.53339357356575,21901300
2021-05-06,240.17776489257812,240.30279705816986,235.3305525302408,237.02322683491766,26491100
2021-05-07,242.80335998535156,244.57297608817822,241.56269453028074,242.50520522143927,27032900
2021-05-10,237.72531127929688,242.1012758551177,237.66760863864906,241.27417043051173,29299900
2021-05-11,236.81163024902344,237.16748762572186,233.29163741499903,235.1958977580137,33641600
2021-05-12,229.85818481445312,235.03240304314005,228.96376461216937,232.90692968884187,36684400
2021-05-13,233.7340545654297,236.20575861501086,232.1856367881987,232.5511064111282,29624300
2021-05-14,238.658203125,239.64880422890522,236.09995985164096,236.18651381020268,23901100
2021-05-17,235.80177307128906,237.15784360516034,234.20527979910628,237.11938007606832,24970200
2021-05-18,233.7821502685547,236.98477896115793,233.60902766820809,236.8501345720607,20168000
2021-05-19,234.36050415039062,234.46654149415752,230.00336806420503,230.68777888477277,25739800
2021-05-20,237.59945678710938,239.01649467079037,235.07385865574315,235.17026159424762,21800700
2021-05-21,236.33665466308594,239.38280508852012,235.92215439273173,238.6501927760456,21863100
2021-05-24,241.74452209472656,242.11083559355552,238.592334424491,238.86224498919998,21411500
2021-05-25,242.6506805419922,243.64356908299723,241.7831128858404,242.69888201378376,17704300
2021-05-26,242.428955078125,243.8267094116998,241.71561158716582,242.37110449046097,17771600
2021-05-27,240.3274688720703,242.41928296900434,240.26963299891423,242.12045448501686,24426200
2021-05-28,240.6841278076172,242.99766564489747,240.56845606391062,241.95657582447453,18270200
2021-06-01,238.48631286621094,242.23615779093328,238.0621781714677,242.1783219102421,23213300
2021-06-02,238.38992309570312,240.28894628092957,236.98251960220148,239.19002042782085,19406700
2021-06-03,236.85723876953125,237.46453028685806,234.24487179319985,236.38488784803258,25307700
2021-06-04,241.75413513183594,242.5831502813008,238.59231333132377,238.83330593629586,25281100
2021-06-07,244.6653594970703,244.935270070548,240.80947735136266,240.97335057747247,23079200
2021-06-08,243.47003173828125,246.78609255033888,243.41218115377325,245.966711756898,22455000
2021-06-09,244.45326232910156,246.32336735128976,244.08696356106984,244.66533700434073,17937600
2021-06-10,247.97181701660156,248.18389175037026,244.53044921685594,245.12810635255374,24563600
2021-06-11,248.59835815429688,249.17671690075727,247.3644477137305,248.69473166667757,18999700
2021-06-14,250.52627563476562,250.5841115039967,247.54758127915835,248.6079545784637,19150500
2021-06-15,249.05137634277344,250.62265278853377,248.39588353657948,250.41057812558375,18038900
2021-06-16,248.1067352294922,251.19142321885585,245.25337604034561,250.05394507436637,27220000
2021-06-17,251.4999237060547,252.3193045998261,246.78612276850885,246.84395865107643,27565500
2021-06-18,250.08287048339844,252.84946123019992,249.42737757560815,250.27567635888798,37202200
2021-06-21,253.1675567626953,254.02547514131993,248.6272643098685,250.45880222897114,26696100
2021-06-22,255.94383239746094,256.2137429771152,252.94586866318434,253.25434630223117,24694100
2021-06-23,255.71240234375,257.216193725661,254.90267078564716,256.4064621675582,19518700
2021-06-24,257.08135986328125,258.1995694555849,255.9053143798285,256.5704565460958,21446900
2021-06-25,255.47145080566406,257.62111560683655,255.22083848043877,256.63787628931044,25611100
2021-06-28,259.0381774902344,259.21168513568006,256.3294224923796,256.59933308019987,19590000
2021-06-29,261.62164306640625,261.86263574229974,258.32487973429147,259.18279836308574,19937800
2021-06-30,261.1396789550781,261.58309727773445,259.8865287057241,260.9372533279171,21656500
2021-07-01,261.81439208984375,262.0457355946611,259.8864511015799,259.8960708022507,16725300
2021-07-02,267.64642333984375,267.9838189235368,262.6819807793661,262.990458422631,26458000
2021-07-06,267.6560363769531,269.3044175952349,264.4170803954058,268.012700733501,31565600
2021-07-07,269.84423828125,270.57686522962035,267.1644016340529,269.3333351246347,23260000
2021-07-08,267.4247131347656,268.687512155592,264.96657067142803,266.92342963956736,24618600
2021-07-09,267.926025390625,268.0320480496035,265.40042680055205,265.78600920655407,23916700
2021-07-12,267.328369140625,269.6900797715503,266.61501079818646,269.10207174859426,18931700
2021-07-13,270.8564147949219,272.6590347441042,267.3957645735961,267.52105601500165,26120100
2021-07-14,272.3312683105469,273.43982831038124,270.44186527603904,272.1770295270336,23113700
2021-07-15,270.9046325683594,272.33131952060614,269.7478561835057,271.83968514433656,22604200
2021-07-16,270.6347351074219,273.86404237165414,269.3912048461886,271.9071833087747,26186800
2021-07-19,267.02947998046875,270.26840676845325,264.5617178320867,268.88028688273266,32935600
2021-07-20,269.2562561035156,270.84680159797193,266.3065086285469,268.01272587997516,26259700
2021-07-21,271.26129150390625,271.37696325645936,267.29938688873733,268.8513652655665,24364300
2021-07-22,275.83056640625,276.1004770022266,273.20856515188495,273.61341633682554,23384100
2021-07-23,279.2333068847656,279.5417550419891,276.1775079022582,277.01615740784973,22768100
2021-07-26,278.6356506347656,279.25260585190574,276.31250770621534,278.58746387882076,23176100
2021-07-27,276.2160949707031,279.146543893957,272.75544466065816,279.00195421321143,33604100
2021-07-28,275.90765380859375,279.69605103462703,273.60375005831014,278.57784165912227,33566900
2021-07-29,276.1776123046875,278.2212255317815,275.7727316568425,275.926970502781,18168300
2021-07-30,274.6448669433594,276.33181549192943,273.6808963441765,274.8955087129223,20944800
2021-08-02,274.55804443359375,276.43776898092204,273.5169399728217,276.0425376039661,16267400
2021-08-03,276.7752990722656,276.8813511605978,273.76771479966516,275.1365663176077,17879000
2021-08-04,276.1872253417969,277.2283006433001,274.3942247328133,275.90766563142967,16191300
2021-08-05,279.0887451171875,279.194797175859,275.79198228582163,276.5438781436811,13900200
2021-08-06,279.03094482421875,279.0695118884768,277.2572423030038,278.11519032895563,16589300
2021-08-09,277.9416809082031,281.0456679837353,277.4404266951678,279.3105323541064,16117600
2021-08-10,276.11962890625,278.82838283898707,274.9243152613514,278.39458447790037,18616600
2021-08-11,276.6113586425781,278.2597400314421,275.56060486449303,276.86197097908934,13955900
2021-08-12,279.3682556152344,279.5224944073813,276.0232771942792,276.30283684367316,14561300
2021-08-13,282.2987060546875,282.34689280209915,278.8765938653383,279.0501308757054,18249000
2021-08-16,283.9857177734375,284.19779246209333,279.5707163690693,282.62651582587677,22507600
2021-08-17,282.5204772949219,282.8578728727567,280.592536185062,281.8553646766232,20075300
2021-08-18,280.79168701171875,284.741870784257,280.34739044485804,282.05690357195914,21813000
2021-08-19,286.6252136230469,287.30129663617737,278.77315402992593,278.82143304184973,29850500
2021-08-20,293.95574951171875,295.3851678311773,287.8711203793521,289.47437850845176,40817600
2021-08-23,294.23583984375,294.9602018470455,291.53156682119305,292.88370333247155,22830200
2021-08-24,292.2752380371094,295.2016593865255,291.67643682310614,294.59319058056553,18175800
2021-08-25,291.68609619140625,294.177888473637,290.1504523062321,293.89779358408,20006100
2021-08-26,288.8658752441406,292.09169682717686,288.73067634422387,290.7009195672093,17666100
2021-08-27,289.4743957519531,290.58507834553194,286.6831731419722,288.7693394050328,22605700
2021-08-30,293.2120056152344,293.82047426527265,290.76849289996,290.82643948812,16348100
2021-08-31,291.56048583984375,294.09091858434346,291.1934711106061,294.0136662870955,26285300
2021-09-01,291.51220703125,294.7573638587632,291.18383315439763,292.5166638438568,18983800
2021-09-02,290.85546875,292.98991375623564,289.9186260953305,291.8695931866592,16285600
2021-09-03,290.8457946777344,292.25587754390756,289.99587202710063,290.70089872300707,14747900
2021-09-07,289.9186096191406,290.7975056245517,288.0063130018472,290.72025332131614,17180400
2021-09-08,289.9476318359375,290.33395236601825,287.3013052567986,289.5323380029598,15046800
2021-09-09,287.0888671875,291.81172258178157,286.84741313603865,290.5368381162167,19927000
2021-09-10,285.6014709472656,289.6675779536418,285.2827646026874,288.21885380227684,19633400
2021-09-13,286.837646484375,288.3346787710662,284.02711875904106,287.3785010149175,23652900
2021-09-14,289.5420227050781,291.08733439108437,287.9097911052449,289.31987438683,21853400
2021-09-15,294.4000244140625,294.88293238817874,291.50257656936515,292.89335389276897,28356300
2021-09-16,294.7863464355469,294.8732663344174,290.4788155367918,293.3762633965969,19550800
2021-09-17,289.61920166015625,294.09093387637466,289.29082779964784,293.7722276064099,41372500
2021-09-20,284.2396545410156,288.5085744930262,279.6230549552569,286.2002599629633,38278700
2021-09-21,284.72247314453125,287.3688283591431,284.0174465060781,285.58206331526065,22364100
2021-09-22,288.37335205078125,289.9573045688709,284.442503007703,286.5866158831855,26626300
2021-09-23,289.3197937011719,290.61398340339673,287.35918870442185,288.6340727004144,18604600
2021-09-24,289.1170349121094,289.5516344416462,286.7797471472576,288.0353256727739,14999000
2021-09-27,284.1141357421875,286.3355009874164,282.92617132575367,286.01679464242454,23571700
2021-09-28,273.8280944824219,280.8399268648963,273.0844269014528,279.89341673736834,43186200
2021-09-29,274.291748046875,276.9670477955747,273.33559962456496,275.35415155742265,26353700
2021-09-30,272.2828674316406,277.99081421651636,271.99310493878147,275.9432889541892,32343600
2021-10-01,279.2174072265625,280.06733000946844,271.6743867398195,272.4760010388448,30086300
2021-10-04,273.43212890625,277.91352888902685,270.6699095435266,277.57548742469766,31350700
2021-10-05,278.8890686035156,280.4729916929737,274.34005351613433,274.34005351613433,24993000
2021-10-06,283.0903015136719,283.5925446758009,275.7501238068665,276.01088350495075,28002600
2021-10-07,284.7707824707031,286.49960093234387,283.87258088856964,285.08948870249446,20430500
2021-10-08,284.7707824707031,286.49960093234387,283.71804683018786,286.093945344797,17685700
2021-10-11,284.1719970703125,287.7841387766023,282.74257905730633,282.90678071411924,19298600
2021-10-12,282.86810302734375,285.34058882726646,282.3562218923837,285.2440013637285,17974100
2021-10-13,286.1809387207031,287.11778142661336,283.4573305066921,284.82880220556603,23416300
2021-10-14,292.4007568359375,292.90297048133476,287.64892975117283,288.9817603776688,27262900
2021-10-15,293.810791015625,294.0426068302674,290.246928661948,292.00472034073283,25384800
2021-10-18,296.78558349609375,297.6741176404027,292.3428243514602,293.192747080356,22729300
2021-10-19,297.6934509277344,298.72685155917264,296.7179674190472,297.809344121962,17682100
2021-10-20,296.9015197753906,299.11324681480494,295.6459412075524,298.63997690086853,16537100
2021-10-21,300.1369934082031,300.38808552882756,295.88737937467477,296.66971746103866,16918100
2021-10-22,298.5917053222656,300.45572329837756,297.27818011582957,299.7893078396651,17449300
2021-10-25,297.5968933105469,298.82346903838294,295.98396759735755,298.7848281449745,17554500
2021-10-26,299.5092468261719,301.7209741710282,298.0508844106793,300.3688373895508,28107300
2021-10-27,312.1227722167969,314.9526060458698,305.197858471987,305.197858471987,52588700
2021-10-28,313.2624206542969,313.7646343557651,310.3746108163514,313.2430854710019,26297900
2021-10-29,320.2838134765625,320.65082817651717,312.82771472673664,313.0498629594349,34766000
2021-11-01,318.1107177734375,320.15824237617113,315.2132706244318,320.0326816171505,27073200
2021-11-02,321.7422180175781,322.05128614343556,318.71920988669484,319.0186104228821,26487100
2021-11-03,322.5825500488281,323.4517785702542,319.3470604932856,322.4859625521439,21500100
2021-11-04,324.9391174316406,325.0357049205787,318.24602003675443,321.51048263206366,23992200
2021-11-05,324.5721130371094,327.2088012501793,322.98819017045656,326.93837395712325,22570100
2021-11-08,325.47027587890625,326.10771788078415,323.0074572358713,325.76967643631485,20897000
2021-11-09,324.4658203125,327.1411193895061,323.09434894788325,325.5861406703063,21307400
2021-11-10,319.4919128417969,323.19100453286666,318.6420195419929,323.1330579322974,25500900
2021-11-11,321.0661315917969,322.36032119572144,319.2117818060739,319.92647604907563,16849800
2021-11-12,325.2095642089844,325.7021398000391,322.37973040709574,322.505291202805,23831000
2021-11-15,324.581787109375,326.3299116948135,322.61151423527605,326.0015377948578,16723000
2021-11-16,327.90411376953125,329.0244635732262,324.04085078066214,324.20502295204886,20886800
2021-11-17,328.1267395019531,331.0972263739965,327.04305127550737,327.95258165019357,19053400
2021-11-18,330.2070007324219,331.3487709789064,326.1915376629134,327.2171731593675,22463500
2021-11-19,331.9873962402344,333.9129065317172,331.10692167581175,331.5326605674157,21963400
2021-11-22,328.8136901855469,338.3347320880204,328.5427681495114,333.44842063285876,31031100
2021-11-23,326.7333984375,328.44603913072973,322.74696146941744,326.1238164638615,30427600
2021-11-24,326.9559631347656,327.1978588759329,323.0856312760888,325.3787981778286,21661300
2021-11-26,318.9927978515625,326.97535864002833,317.48337053746155,323.5114240418463,24217200
2021-11-29,325.71746826171875,328.0396615435642,323.88872222798085,324.0822506382553,28563500
2021-11-30,319.87322998046875,326.8301534505589,318.32509142216554,324.4499077650363,42885600
2021-12-01,319.3797607421875,328.28153551508353,318.71215568609364,324.26607225872357,33337600
2021-12-02,318.80889892578125,322.6792307522383,317.17368136684007,319.59263875837576,30766000
2021-12-03,312.5389709472656,321.9148518795967,307.7203973367994,321.2278467405146,41779300
2021-12-06,315.6158752441406,316.83503917319246,308.8815063844426,313.44849895097053,30032600
2021-12-07,324.0628356933594,324.914283730808,319.39907963541896,320.8891653754491,31021900
2021-12-08,324.11126708984375,324.6240848803563,320.07643313181967,324.4402417546736,24761000
2021-12-09,322.30181884765625,325.58190900442776,321.35357712566093,323.5693498836345,22214200
2021-12-10,331.4359436035156,331.8810235888026,323.93717412009516,324.12101728259745,38095700
2021-12-13,328.3976135253906,332.64531641229195,328.0879799264692,329.63611839279116,28899400
2021-12-14,317.6961669921875,323.79195700121716,313.6032806801942,322.4179762857992,44438700
2021-12-15,323.8016357421875,324.3241388150982,313.9806744799815,317.9574263221584,35381100
2021-12-16,314.3677062988281,325.8432558694364,312.54864556031464,324.8272760169912,35034800
2021-12-17,313.3033142089844,314.3870318019432,306.9656583691775,310.47798883012587,47750300
2021-12-20,309.5394287109375,312.33572775319794,307.2752884173399,309.6748749533144,28326500
2021-12-21,316.68017578125,317.1059145659694,309.4329606924699,312.8098446680069,24740600
2021-12-22,322.39862060546875,322.79530359298326,315.1901164906838,317.6574409711616,24831500
2021-12-23,323.8403015136719,325.4852041450204,321.9438474243752,321.963188450899,19617800
2021-12-27,331.3487854003906,331.37781170708996,324.55633434986925,324.5853606565686,19947000
2021-12-28,330.18768310546875,332.664693105843,329.2878380448936,332.02608481270596,15661500
2021-12-29,330.8649597167969,333.1387557390819,328.6685277999919,330.2360072562147,15042000
2021-12-30,328.3202819824219,332.0067709774389,327.83649046571844,330.8263184955509,15994500
2021-12-31,325.4174499511719,328.3588803627505,324.96268486023365,327.53645861657736,18000800
2022-01-03,323.8983154296875,327.0429592688107,319.08942813149713,324.4788709671819,28865100
2022-01-04,318.3444519042969,324.33379227694843,315.5481232153685,323.975761808593,32674300
2022-01-05,306.1239013671875,315.4997826044344,305.73687408915134,315.2965689226274,40054300
2022-01-06,303.7049255371094,308.3686822043641,301.392388231309,302.9985793895527,39646100
2022-01-07,303.8597717285156,306.24001762602904,300.0378070905874,303.9661916842853,32720000
2022-01-10,304.0822448730469,304.51766895717213,294.81281436875065,299.4572001340922,44289500
2022-01-11,304.769287109375,306.3464225083594,299.84429345523614,303.221148489365,29386800
2022-01-12,307.95263671875,312.92602760824207,306.80121056428135,309.3072765675064,34372200
2022-01-13,294.9192810058594,310.4780318871743,294.1452264318281,310.08131932128936,45366000
2022-01-14,300.14422607421875,300.7441227450604,293.9033045852905,294.38709603316755,39846400
2022-01-18,292.8390197753906,299.7572330457423,291.95851560959414,294.21300077202613,42333200
2022-01-19,293.4969482421875,303.73399326140634,292.887395735505,296.3610152786243,45933900
2022-01-20,291.82305908203125,301.54725709970177,291.37797913887493,299.050905777843,35380700
2022-01-21,286.4335632324219,294.25162003175876,286.02716542406625,292.87766885666707,57984400
2022-01-24,286.76251220703125,287.4785140362115,267.1012224531404,282.72770843175715,85731500
2022-01-25,279.13800048828125,285.4272897689935,275.92564748178614,282.06977569492784,72848600
2022-01-26,287.0914611816406,298.49926974213565,283.53076385140685,298.00579310485716,90428900
2022-01-27,290.1200866699219,297.33824766891416,288.27199957427445,292.84867784956623,53481300
2022-01-28,298.2671813964844,298.4800508635709,284.90486089949263,290.497490140265,49743700
2022-01-31,300.89898681640625,302.25359717758414,296.4384136116129,298.93479441062544,46444500
2022-02-01,298.75091552734375,300.5602908856212,295.2385847597286,300.347421459454,40950400
2022-02-02,303.29852294921875,304.9047140821634,298.8670063271222,299.5926934910757,36636000
2022-02-03,291.4844055175781,301.1408953745366,290.2362150650332,299.45728072069,43730000
2022-02-04,296.0222473144531,298.78951960411746,290.2457775369809,290.47798793100026,35096500
2022-02-07,291.1941223144531,297.8607539820601,290.17814242426635,296.24490687098387,28533300
2022-02-08,294.68707275390625,295.65465574286134,290.2265293484021,291.48437542272796,32421200
2022-02-09,301.1214599609375,301.81812081600225,297.4253157990667,299.82490244451157,31284700
2022-02-10,292.57769775390625,299.0991965098226,290.95216570355126,294.183888778049,45386200
2022-02-11,285.4757385253906,294.4258825902008,284.6823132620439,293.36153522818614,39175600
2022-02-14,285.4369201660156,287.13987530826006,281.9052489238554,284.24678271615846,36359500
2022-02-15,290.72967529296875,291.04896470161543,287.39150201566304,290.28459536542493,27058300
2022-02-16,290.3902587890625,291.7185834522339,284.74727570714555,289.2946246977342,29982100
2022-02-17,281.8870544433594,287.772404486028,281.17924775374655,287.34578532918516,32461600
2022-02-18,279.1722717285156,284.921896876096,277.6015506207511,284.1365363222138,34264000
2022-02-22,278.9686584472656,282.6724757487211,275.8465973568757,276.33138926787194,41736100
2022-02-23,271.7452087402344,282.8275727475832,271.5803960838196,281.35378660921566,37811200
2022-02-24,285.6296691894531,286.1823390203235,263.26136530225386,264.2212733214886,56989700
2022-02-25,288.2669677734375,288.5772417022503,282.77911971363164,286.1629874203798,32546700
2022-02-28,289.70184326171875,290.04120338234367,284.08794687966224,285.3580988142638,34627500
2022-03-01,285.9786682128906,290.8459667826752,283.2638166303118,287.384546549291,31217800
2022-03-02,291.059326171875,292.3003920940344,284.7667375809277,286.37622044505133,31873000
2022-03-03,286.9191589355469,293.90984760260005,285.1060129570107,293.67715703394936,27314500
2022-03-04,281.04351806640625,286.6671212997695,278.43536512644255,285.33879636039853,32356500
2022-03-07,270.42657470703125,280.8786850901457,270.0581281920922,279.75396452482715,43157200
2022-03-08,267.45965576171875,275.32296496007893,261.78758549153326,269.35032612555074,48159500
2022-03-09,279.7248229980469,280.7913707020423,272.2396376427405,274.81873314900633,35204500
2022-03-10,276.9033508300781,277.8826396429179,272.04572798060116,274.4115141100971,30628000
2022-03-11,271.5513610839844,280.7042351674719,270.93081320541165,279.20136241806375,27209300
2022-03-14,268.03167724609375,276.71913751452684,267.43054018316315,271.813047149481,30660700
2022-03-15,278.4159851074219,279.06561927939794,270.25210599773294,271.8228270355456,34245100
2022-03-16,285.43572998046875,285.61024792688795,274.58608713792756,280.3163001707601,37826300
2022-03-17,286.2404479980469,286.61857018444255,280.5683784873846,284.3691589056267,30816600
2022-03-18,291.2919921875,291.8446619377946,283.8262162636274,286.3859015665902,43390600
2022-03-21,290.0606384277344,291.0108410246082,285.93020275050657,289.79886150329435,28351200
2022-03-22,294.8115539550781,295.72296480391606,289.6824490018245,290.6811188141461,27599700
2022-03-23,290.380615234375,294.0068784229763,288.66446272341494,291.36960955369653,25715400
2022-03-24,294.85040283203125,294.9473671178432,289.2462103485092,290.0412760670834,24484500
2022-03-25,294.4431457519531,296.20779503659236,290.18668905916263,295.946018112128,22566500
2022-03-28,301.2496337890625,301.346568476762,295.0733614546366,295.0733614546366,29578200
2022-03-29,305.8163146972656,306.2138474562234,299.6497486659601,304.3619395451785,30393400
2022-03-30,304.3135070800781,306.3399629265181,302.10285756421536,304.21657238754335,28163600
2022-03-31,298.93231201171875,305.55458445151703,298.5251034770213,304.3522806882295,33422100
2022-04-01,300.0085754394531,300.69697152169914,296.246586275612,299.96007850505373,27110500
2022-04-04,305.38970947265625,305.525435773219,300.2896909060564,300.65813736226033,24289600
2022-04-05,301.4241638183594,305.29279303590346,300.444874882853,303.7414533090585,23156700
2022-04-06,290.3902587890625,297.66213505256155,287.68511253402556,295.907191281451,40110400
2022-04-07,292.203369140625,294.4140182952895,287.3360707147367,287.63663922691137,31411200
2022-04-08,287.9372253417969,291.9609911189032,287.26821033138873,291.3016814124939,24361900
2022-04-11,276.58343505859375,283.7098510494845,276.3313338468451,282.9148149628091,34569300
2022-04-12,273.480712890625,281.8966903613932,271.95845973176773,280.44231514730166,30966700
2022-04-13,278.87164306640625,279.80243508000837,272.7438673323913,274.1303944317771,21907200
2022-04-14,271.318603515625,279.54068423967755,270.8241359315861,279.3273746344273,28221600
2022-04-18,271.9876403808594,273.8686353439152,269.8739547714378,270.4266246459062,20778000
2022-04-19,276.62213134765625,277.46569375814823,269.94171712831564,270.88221420704474,22297700
2022-04-20,277.64996337890625,280.88839885014346,276.6900850216622,280.59750599779863,22906700
2022-04-21,272.2687683105469,284.37885800425323,271.5415806106492,279.8024222293234,29454600
2022-04-22,265.6949462890625,274.58603936648194,265.06472297707495,273.11225361487504,29405800
2022-04-25,272.1815490722656,272.5596713449549,262.5341790094944,264.97754897503074,35678900
2022-04-26,262.00091552734375,269.8933116676329,261.787605924128,269.05948386646486,46518400
2022-04-27,274.60546875,282.1197416602457,270.66896169578,273.5195398508142,63477700
2022-04-28,280.82049560546875,282.129439349792,272.898984777169,276.515542164648,33646600
2022-04-29,269.078857421875,281.0629273247488,268.0898927013259,279.83153709016864,37073900
2022-05-02,275.81744384765625,276.27314931657503,267.8183792644711,269.2630493387839,35151100
2022-05-03,273.2093505859375,275.48787867237337,271.6289240921681,275.3230363898004,25978600
2022-05-04,281.15985107421875,282.0324703593983,268.31286891823476,273.99461437075183,33599300
2022-05-05,268.9140319824219,277.64028485633924,265.99557571933246,276.85492446483426,43260400
2022-05-06,266.373779296875,270.7562876061403,263.01899790259716,266.4513329848427,37780300
2022-05-09,256.532470703125,264.0758315399629,255.31081522674663,261.8458006190257,47726000
2022-05-10,261.3027648925781,265.42349495118094,257.00751689764115,263.42615521933493,39336400
2022-05-11,252.625,263.106196550313,251.4130204767044,257.5989686979002,48975900
2022-05-12,247.58319091796875,251.9754036684089,242.41530828868,249.8520131079963,51033800
2022-05-13,253.1776885986328,255.0393023042166,247.58320135507512,249.52236873660797,34925100
2022-05-16,253.54615783691406,257.7347668574991,248.0001374455881,252.05299053442474,32550900
2022-05-17,258.70428466796875,260.168335678037,254.47688508920922,258.0158590570985,28828800
2022-05-18,246.92559814453125,256.17753742497484,245.6524875951275,255.59442633817832,31356000
2022-05-19,246.01205444335938,250.4145118299985,244.7875390054142,246.75064893827593,32692300
2022-05-20,245.4483642578125,251.25998893720165,239.50069714781827,249.99657679389537,39199300
2022-05-23,253.31063842773438,254.1367101476306,246.29393725185915,248.29594444219038,33175400
2022-05-24,252.30955505371094,253.97139617261885,246.36188817908726,250.6282877764163,29043900
2022-05-25,255.1279296875,257.1299216663202,249.88971717072658,250.87128699874697,28547900
2022-05-26,258.41278076171875,259.588701272369,254.06864585399154,254.88498957150392,25002100
2022-05-27,265.5460510253906,265.643241139635,260.0259965721128,260.92010410159867,26910800
2022-05-31,264.2146301269531,267.03296546550257,261.35741281139883,264.85604928536924,37827700
2022-06-01,264.74920654296875,269.87080312577604,262.43621787387394,267.4509260743222,25292200
2022-06-02,266.84832763671875,266.9163636856067,254.23383914437693,257.00359440575477,44008200
2022-06-03,262.416748046875,265.75018841702905,260.85209677085874,262.69859051173177,28059000
2022-06-06,261.1824645996094,266.459558068701,259.69554794096325,264.39925834908735,22400300
2022-06-07,264.826904296875,265.4391694080939,258.45162412939817,259.1319252881435,22860700
2022-06-08,262.7957458496094,265.3128125636582,262.01825461124446,264.0591283318473,17372300
2022-06-09,257.3339538574219,265.03092296873166,257.1784556374228,260.2397508443813,26439700
2022-06-10,245.8662872314453,253.24254885268172,245.41923343333343,253.24254885268172,31422800
2022-06-13,235.4384002685547,242.00806063802048,234.72895987314584,238.20815546124874,46135800
2022-06-14,237.60560607910156,238.82040832428856,234.7095068496029,236.99334100220605,28651500
2022-06-15,244.67091369628906,248.11124235881286,239.4812814606915,241.31806207572347,33111700
2022-06-16,238.0720977783203,240.45310733096755,236.17700914781045,239.05365270255112,33169200
2022-06-17,240.67665100097656,243.4464064672868,237.1585879163122,237.80972023794652,43084800
2022-06-21,246.5951690673828,247.57672404798697,242.48426715302713,243.2131485780948,29928300
2022-06-22,246.00234985351562,249.92859951301043,243.32005666477755,244.79726053472527,25939900
2022-06-23,251.57095336914062,252.06660217631952,246.48823975143515,248.37361521052824,25861400
2022-06-24,260.162109375,260.4342239425106,254.35048366956067,254.43794588858944,33923200
2022-06-27,257.43115234375,260.74510631526147,255.86647184405402,260.6576441245834,24615100
2022-06-28,249.2580108642578,259.39431434341117,249.1025126077075,256.546824812342,27295500
2022-06-29,252.9315643310547,254.59340555712373,248.558261264079,250.33673359363198,20069800
2022-06-30,249.59814453125,252.2221295498261,245.7788129454486,249.8119509376396,31730900
2022-07-01,252.2706756591797,252.4553279696424,247.44063566578578,249.17052767325666,22837700
2022-07-05,255.4486846923828,255.5750289021865,247.56704519965683,248.9470591091099,22941000
2022-07-06,258.7140197753906,260.4438971435167,255.0113045680069,256.3232970437693,23824400
2022-07-07,260.84228515625,261.4837041851286,257.55745573180474,257.65464582555956,20859900
2022-07-08,260.1231994628906,260.55081225996196,255.87625522031703,257.3340180308074,19658800
2022-07-11,257.06195068359375,259.0250609517988,254.7975420936426,258.169835200655,19455200
2022-07-12,246.52716064453125,258.4516662471665,244.94305342453254,258.3933580992874,35868500
2022-07-13,245.6038818359375,246.41051237825036,241.12369016254638,243.14512305849968,29497400
2022-07-14,246.92559814453125,247.95574821262494,239.01480546624109,243.5144383254252,25102800
2022-07-15,249.4912567138672,253.03847375929305,247.5961679522132,248.5194148023389,29774100
2022-07-18,247.0907745361328,253.49520835843242,246.1675278035935,252.43590436877287,20975000
2022-07-19,252.22215270996094,252.4068050623558,246.53687108650638,250.32704894938806,25012600
2022-07-20,254.88497924804688,257.41177426653763,251.61960451025288,252.58171855652026,22788300
2022-07-21,257.3825378417969,257.4311477190251,249.79245696290846,252.474749395198,22404700
2022-07-22,253.02874755859375,257.85880307784385,251.77509283820282,257.77134086420693,21881300
2022-07-25,251.54180908203125,254.13663983089467,249.5786992524714,253.65071891343598,21056000
2022-07-26,244.8069610595703,252.56226985718692,242.5425825526762,252.5428140385053,39348000
2022-07-27,261.1727600097656,262.4458704154243,251.56125987665692,253.80621209782652,45994000
2022-07-28,268.6268005371094,270.01652721920226,260.32726310507684,262.1543304686785,33459300
2022-07-29,272.8348388671875,274.059368942466,268.840583577074,269.88046135026275,32152800
2022-08-01,270.1817626953125,273.3596748735574,268.0728528273835,269.9971103708195,21539600
2022-08-02,267.08160400390625,270.0651658211096,264.71030734261404,268.22837035337625,22754200
2022-08-03,274.5162048339844,275.5172008854387,268.8211954180765,268.9669954414521,23518900
2022-08-04,275.6629638671875,275.8087342283953,272.28097285411656,273.86505032359116,18098700
2022-08-05,274.9438171386719,275.66297071065867,270.83291490098145,271.2896818162804,16774600
2022-08-08,272.4267578125,277.86907896921457,271.4549158080247,276.0517095079037,18739200
2022-08-09,274.3509826660156,275.10901823396375,269.79304134775583,271.7659090647991,23405200
2022-08-10,281.017822265625,281.6495136024719,278.8603319468809,280.05570822424676,24687800
2022-08-11,278.93804931640625,283.0100692187593,278.44243011883435,282.6602203734145,20065900
2022-08-12,283.6903991699219,283.6903991699219,278.8603432880128,280.3569882585623,22619700
2022-08-15,285.20648193359375,285.89648147107107,281.9410772881699,282.8060309314532,18085700
2022-08-16,284.46783447265625,285.7604008093183,282.24233787382076,283.76810711776506,18102900
2022-08-17,283.7178955078125,285.69492065907355,281.91616605164813,282.1791095942932,18253400
2022-08-18,282.5979309082031,284.2925155216381,281.53634866422476,282.61739830194875,17186200
2022-08-19,278.6828308105469,281.7019413989966,278.1082305899692,281.3610688013757,20570000
2022-08-22,270.5020751953125,275.08915876957286,269.9859068077309,274.71907016692614,25061100
2022-08-23,269.2262268066406,271.58305961695726,268.2133575622362,269.2262268066406,17527400
2022-08-24,268.5932312011719,269.99565658530935,267.93095330444964,268.2231425968554,18137000
2022-08-25,271.5733337402344,271.7388808966969,267.35630971117797,270.09297956266056,16583400
2022-08-26,261.0940246582031,273.0243534498521,260.9869094413537,271.7972244062117,27549300
2022-08-29,258.30877685546875,260.4221335952859,256.96478349661675,258.9125930668451,20338500
2022-08-30,256.10772705078125,260.0812452565468,253.8580095108411,259.71118642639124,22767100
2022-08-31,254.64688110351562,260.13968854487246,254.51052016969163,258.464600874794,24791800
2022-09-01,253.60476684570312,254.08200033825852,248.74499211600758,252.11469390871204,23263400
2022-09-02,249.3780517578125,257.8315379852467,247.8295467479486,254.87088889880724,22855400
2022-09-06,246.64134216308594,251.10181219377696,245.36552950333498,249.5143726473492,21328200
2022-09-07,251.3550567626953,252.07573671931658,246.61214569878825,248.05352047263693,24126700
2022-09-08,251.7738494873047,253.6340111575061,248.1411888699315,250.79022588375577,20319900
2022-09-09,257.558837890625,258.30876355813575,253.49767178964203,253.70218346204774,22084700
2022-09-12,259.6916198730469,260.4707612784454,258.2405117297252,258.84432774315553,18747700
2022-09-13,245.4142608642578,253.60478843632785,245.0246900517637,252.08549941911832,33353300
2022-09-14,245.63824462890625,247.59578772613622,243.3398289424253,246.91405740824067,23913000
2022-09-15,238.97674560546875,244.83964133633745,237.65223458820603,243.25218674358922,31530900
2022-09-16,238.3534393310547,238.89882358010237,235.74336703268992,237.88595437992277,39791800
2022-09-19,238.13919067382812,238.74300685593585,234.5649620689847,236.14268298899873,26826900
2022-09-20,236.12318420410156,237.15552077631924,233.38651445985508,235.7531105348159,26660300
2022-09-21,232.7145233154297,241.1972397263064,232.66582510868037,237.89570341294743,28625600
2022-09-22,234.69155883789062,237.49640922958957,231.37055498618827,231.66271451815115,31061200
2022-09-23,231.71142578125,234.83766669484226,229.06240356442768,233.28914678516338,34176000
2022-09-26,231.25369262695312,235.1493118410879,230.71804201288802,230.86413664978284,27694200
2022-09-27,230.24081420898438,235.49015995931182,228.38065266127452,233.71764626825262,27018700
2022-09-28,234.77919006347656,236.0063045149293,228.60462357889685,230.63034693887,29029700
2022-09-29,231.3023681640625,233.68843172668625,228.29300618270508,232.65609511384054,27484200
2022-09-30,226.82240295410156,234.26303440769513,226.65684093525877,232.0717487914595,35694800
2022-10-03,234.4578399658203,235.30513236136022,228.53649717371928,229.2669257521109,28880400
2022-10-04,242.38539123535156,243.82676593965982,238.58715422805355,238.69428433273492,34888400
2022-10-05,242.69705200195312,244.04104526402548,237.73014687189743,239.57082618879338,20347100
2022-10-06,240.34996032714844,243.8073253575935,239.65849623742423,241.4602112106083,20239900
2022-10-07,228.12744140625,235.02268843917923,227.08535624814024,234.61363538940842,37769600
2022-10-10,223.26766967773438,228.43910165549525,220.8134254836655,226.9685107950048,29743600
2022-10-11,219.5278778076172,223.08262427444694,218.2617986342917,221.6801990277238,30474000
2022-10-12,219.85899353027344,221.91393311184666,218.1157105964302,219.5181209293946,21903900
2022-10-13,228.12744140625,229.93890473575348,213.41174085104754,214.11295342121704,42551800
2022-10-14,222.59564208984375,231.0491420906271,222.38138188024428,229.393492314521,30198600
2022-10-17,231.33155822753906,232.7242495317194,229.00392683019308,229.66618968507316,28142300
2022-10-18,232.27627563476562,237.56457112933387,229.22794910689007,236.89258935569006,26329600
2022-10-19,230.3089599609375,233.35728617142914,228.17610646929035,230.85434416945628,19985700
2022-10-20,229.9875946044922,235.01294654635635,228.74099774675008,229.61752091462319,21811000
2022-10-21,235.8018035888672,236.65884448891248,228.3806544553497,228.61439693552748,26299700
2022-10-24,240.7979278564453,241.37252804090215,235.00319808540834,237.3989952337496,24911200
2022-10-25,244.11895751953125,244.4890312031249,239.41499599959158,240.8076725980602,34775500
2022-10-26,225.2836151123047,232.08146493583703,224.05648582781117,225.1375205085959,82543200
2022-10-27,220.83290100097656,227.59180231118427,219.888212209169,225.01094581972592,40424600
2022-10-28,229.71490478515625,230.42586594040267,220.15116802762412,220.33621230472642,40647700
2022-10-31,226.072509765625,228.78969742408265,225.1180724304389,227.65996437056043,28357300
2022-11-01,222.21585083007812,229.58831711329057,221.3977743852499,228.47806626370723,30592300
2022-11-02,214.35643005371094,225.26415970324368,214.2979832888999,223.47217862480318,38407000
2022-11-03,208.65907287597656,214.65832913291175,208.39611445747363,214.34667250941115,36633900
2022-11-04,215.61276245117188,215.80754042041704,207.86047444612015,211.87297194348153,36789100
2022-11-07,221.9236602783203,222.44957714073567,215.50563184165273,216.1971107205747,33498000
2022-11-08,222.89756774902344,225.6050216725194,219.94663764635982,222.73200573046222,28192500
2022-11-09,218.65133666992188,222.66383409917907,218.4760409587585,221.43670467861034,27852900
2022-11-10,236.63938903808594,236.9802616693803,228.8676327342918,229.2864046738626,46268000
2022-11-11,240.66162109375,241.51866209227285,235.61678638963826,236.64913798358995,34620200
2022-11-14,235.24668884277344,237.54510458377084,232.9677553572084,235.67520929864517,31123300
2022-11-15,235.65574645996094,240.55448643205662,233.76636876372848,239.24945756208854,31390100
2022-11-16,236.08543395996094,238.10710518850516,234.80602574594815,237.12067984603283,24093300
2022-11-17,236.03662109375,237.56996781309624,232.08120292470986,232.22769437449384,23123500
2022-11-18,235.5873565673828,238.0485170933891,233.44849211403692,237.82387701389203,27613500
2022-11-21,236.39797973632812,238.95679628172485,235.55806069358533,235.79244700156886,26394700
2022-11-22,239.30838012695312,239.5818407425711,235.08926284135723,237.90200273092586,19665700
2022-11-23,241.79885864257812,242.48251023756336,238.56615153433665,239.38653344831891,19508500
2022-11-25,241.7109375,242.8926747923449,240.9686745039961,241.53513287897812,9200800
2022-11-28,236.11471557617188,240.89052977739965,235.17714064846845,240.33384745829161,24778200
2022-11-29,234.7181396484375,237.12068869969116,232.64764779898533,235.76314670175077,17956300
2022-11-30,249.1822967529297,249.36786250056446,234.25909694374434,234.95252448977655,47594200
2022-12-01,248.74281311035156,250.13941445901602,245.06084106912186,247.9419535295198,26041500
2022-12-02,249.06512451171875,250.08083329127504,243.8595816230871,243.98655080896413,21528500
2022-12-05,244.357666015625,247.89314681984325,242.26763698881598,246.12539896649085,23435300
2022-12-06,239.3962860107422,245.97890805258777,238.08757944681767,244.96319927673994,22463700
2022-12-07,238.66378784179688,240.41199845740607,236.5542366516699,239.11305308285705,20481500
2022-12-08,241.62301635742188,242.93173766676492,237.3843622264114,239.12279668387623,22611800
2022-12-09,239.6892852783203,242.51180134599122,238.4587124437862,238.98609654359035,20609700
2022-12-12,246.6136932373047,246.64299152218828,241.39838989324147,241.6718504871447,30665100
2022-12-13,250.9207763671875,257.7573221509762,247.16067022510887,255.57938326434993,42196900
2022-12-14,251.21371459960938,256.45831616390586,248.3716617810585,251.1258197460421,35410900
2022-12-15,243.1954345703125,248.26424677465207,241.56443204275277,247.7954592877002,35560400
2022-12-16,238.976318359375,244.00605626723987,237.82386444207205,242.74618523388142,86102000
2022-12-19,234.83531188964844,239.48417191084002,233.13595171264518,239.14233870840474,29696400
2022-12-20,236.15379333496094,237.23787460638482,232.8527140773399,233.80982617655218,25150800
2022-12-21,238.7223663330078,239.88458131180286,234.5032493698653,236.04635695576684,23690600
2022-12-22,232.62811279296875,236.3393833310989,228.408980416361,235.6264185705002,28651700
2022-12-23,233.15550231933594,233.2922326364392,228.47735834613724,230.5966857124809,21207000
2022-12-27,231.42684936523438,233.3508349811279,230.32323076974535,233.1262097908691,16688600
2022-12-28,229.05355834960938,234.122370583587,228.70196400671827,231.35845128578754,17457100
2022-12-29,235.38223266601562,236.27098706875256,230.14739203902258,230.14739203902258,19770700
2022-12-30,234.22003173828125,234.35676203802836,231.13381651257768,232.64762583994687,21938500
2023-01-03,233.98562622070312,240.01155023066832,231.85652313264055,237.40389855359157,25740000
2023-01-04,223.75038146972656,227.43233894450995,220.6837029776662,226.85611938033796,50623400
2023-01-05,217.11891174316406,222.2365596343891,216.58175162726957,221.89472640541456,39585600
2023-01-06,219.67770385742188,220.48832450553778,214.22801427548404,217.792777999231,43613600
2023-01-09,221.81658935546875,225.8403946978241,221.12317668189198,221.1622360976978,27369800
2023-01-10,223.50619506835938,225.90874396659487,222.02168398090183,222.4416360207006,27033900
2023-01-11,230.26461791992188,230.44040764705468,225.71342844154773,225.88921816868051,28669300
2023-01-12,232.9405975341797,234.2981393389428,228.10618692887127,229.76648760410552,27269500
2023-01-13,233.64382934570312,233.78055966417364,229.43447286012528,231.4659053791777,21333300
2023-01-17,234.7376708984375,235.28459213527947,231.55378456577233,232.41324073937315,29831300
2023-01-18,230.30369567871094,236.72028947485737,230.0204739060556,235.92920583478175,30028700
2023-01-19,226.51426696777344,230.02044931118633,225.2934553321454,228.32107414949724,28623000
2023-01-20,234.61070251464844,235.11856433736398,229.03402830061015,229.37586152604075,35389800
2023-01-23,236.9156036376953,239.4451219045726,234.05401326238723,235.4701667569778,31934000
2023-01-24,236.38819885253906,238.2536026618758,234.82556885560982,236.83746410442902,40234400
2023-01-25,234.9915771484375,237.61876602103504,225.50830635326923,229.00471246415324,66526600
2023-01-26,242.20904541015625,242.51180433252105,236.34914915023313,237.96061466071725,33454500
2023-01-27,242.3653106689453,243.99631332473226,241.0663652215849,243.1759314324478,26498900
2023-01-30,237.04257202148438,239.86508806743547,236.54447131176642,238.8005289422948,25867400
2023-01-31,242.02349853515625,242.16022886246068,237.27698159803322,237.76530632447597,26541100
2023-02-01,246.84811401367188,249.22136469253888,239.7381082028261,242.20902977404796,31259900
2023-02-02,258.4214172363281,258.50931209894077,251.24303873990777,252.77638533264104,39940400
2023-02-03,252.3173828125,258.0307878622556,251.0965710413973,253.47959800298776,29077300
2023-02-06,250.77426147460938,252.26853389877027,248.83073866151105,251.42862970184487,22518000
2023-02-07,261.31231689453125,262.4940543494354,254.00696849017606,254.446472651946,50841400
2023-02-08,260.501708984375,270.29750141679074,259.99383221379736,266.82063188656974,54686000
2023-02-09,257.4642639160156,267.58236538521874,256.66340439835324,267.4065458729489,42375100
2023-02-10,256.9564208984375,257.9232941080463,254.57339436942814,255.4230744390807,25818500
2023-02-13,264.9845275878906,268.1879364908774,260.9118863953709,261.39046487819326,44630900
2023-02-14,265.814697265625,268.5493038380461,262.99216601321865,266.3030219967699,37047900
2023-02-15,263.6899719238281,265.0704999795345,260.61559812325817,262.710876554926,28922400
2023-02-16,256.669921875,261.1639673790336,256.42514795944504,258.50082598261054,29603600
2023-02-17,252.6654052734375,254.65296812365867,250.64847075073527,253.96761913922532,30000100
2023-02-21,247.38807678222656,250.14913347081608,246.33065176998883,249.16023738002588,28397400
2023-02-22,246.25228881835938,249.02313070726262,245.10674894595388,248.77835684718082,22491100
2023-02-23,249.44419860839844,251.47091880005274,245.24386997643438,250.2176775849685,29219100
2023-02-24,244.01019287109375,245.75298174565887,242.9136106416539,244.73472895258075,24990900
2023-02-27,244.9305419921875,247.5349396941545,244.17663424902608,247.18246470486716,21190000
2023-02-28,244.20602416992188,246.23275924474,243.53044581164914,243.8633496718303,22491000
2023-03-01,241.12188720703125,245.68446153065187,240.65191054363095,245.51801706479446,27565300
2023-03-02,245.86065673828125,246.14458784259813,240.47563181385058,241.39598391857754,24808200
2023-03-03,249.9532928466797,250.27639616638209,246.1348262316736,246.91810564854498,30760100
2023-03-06,251.5002899169922,254.68235071727105,250.62889540312375,251.06948544904577,24109800
2023-03-07,248.83714294433594,252.30314976499983,248.09303566014898,250.94219252685468,21473200
2023-03-08,248.3965301513672,249.21896680166975,245.56694469940246,248.7294190422308,17340200
2023-03-09,247.04539489746094,254.1340370763852,246.32085881638,250.47222930235247,26653400
2023-03-10,243.3933868408203,247.50558563004392,242.42409169767885,245.83134041562823,28333900
2023-03-13,248.61195373535156,252.51855056988012,240.59315835594796,242.22824622027488,33339700
2023-03-14,255.33828735351562,255.61243285918758,250.5113394590161,251.382733732004,33620300
2023-03-15,259.89111328125,260.9093809729157,253.79133752741032,254.5452601893461,46028000
2023-03-16,270.42620849609375,270.7786685592172,257.7762805795016,259.6659278592618,54768800
2023-03-17,273.5886535644531,277.4071201106938,270.54368084412533,272.44312854039293,69527400
2023-03-20,266.5392150878906,271.6794671642192,264.2089626992146,271.189919347426,43466600
2023-03-21,268.0567626953125,269.2512603911417,263.8858063365012,269.1337737128017,34558700
2023-03-22,266.597900390625,275.16498531924117,266.49018435697667,267.6846819650657,34873300
2023-03-23,271.85565185546875,275.1845704783979,269.4470853649454,272.1297973919541,36610900
2023-03-24,274.7048645019531,274.76360784861777,269.52544032042374,271.44445936393123,28172000
2023-03-27,270.6024475097656,275.57624002545316,269.7604097538673,274.63631661296625,26840200
2023-03-28,269.47650146484375,270.3674820752308,266.3629546475742,270.0247926282162,21878600
2023-03-29,274.6460876464844,275.26292259083164,272.58998112520123,273.12847169713626,25087000
2023-03-30,278.112060546875,278.51349328125735,275.59580785907895,278.28832044267864,25053400
2023-03-31,282.2732238769531,283.22294771783334,277.0840296203647,277.79878010007826,32766000
2023-04-03,281.22564697265625,282.2438849087716,278.0142145195858,280.5304675659523,24883300
2023-04-04,281.1766357421875,284.37829711852913,279.6982218699312,281.2256084444779,25824300
2023-04-05,278.39605712890625,281.1473135505485,277.0057580205523,279.87450114097055,22064800
2023-04-06,285.5043029785156,285.97424977654526,276.1343502576284,277.2896759756227,29770300
2023-04-10,283.3404846191406,283.54608632492165,278.758294590068,283.16422470598815,23103000
2023-04-11,276.91754150390625,280.0017159473279,275.7524454559277,279.77651324649406,27276600
2023-04-12,277.56378173828125,281.01021712063323,276.0657667752644,278.83662385276324,27403400
2023-04-13,283.78106689453125,283.8398102405288,277.2505159342496,277.66171935623237,24222700
2023-04-14,280.1584167480469,282.4494967636299,277.7596206838942,281.0004245840228,20987900
2023-04-17,282.76275634765625,285.50424155811174,280.1779598756737,283.8691389960497,23836200
2023-04-18,282.3417663574219,285.6609144658387,281.0102108111372,285.47488392928074,20161800
2023-04-19,282.42010498046875,283.00753836856154,278.591838043408,280.01150857079625,17150300
2023-04-20,280.1289978027344,282.98796979588815,279.1205306378155,279.28699001904164,23244400
2023-04-21,279.7863464355469,280.28566483452795,277.14277656950355,279.0520247927153,21676400
2023-04-24,275.8797302246094,278.9932766450886,272.8935008803915,276.19304795792937,26611000
2023-04-25,269.6624755859375,275.71327815222014,269.61350288682667,273.6669722958412,45772200
2023-04-26,289.1954345703125,293.30764764371935,286.61063797416637,290.49764832472823,64599200
2023-04-27,298.45770263671875,298.8199931125039,289.0779798089215,289.78292984563893,46462600
2023-04-28,300.8369140625,302.4719869299771,296.9694746134844,297.65485346356644,36469600
2023-05-01,299.17242431640625,302.14888305967634,298.7709915681672,300.5529525833872,21294100
2023-05-02,299.0255432128906,302.71672228103625,297.5569000465208,301.3264234827943,26404400
2023-05-03,298.0367126464844,302.1586970048939,297.7331953825414,300.2103062048158,22360800
2023-05-04,299.0255432128906,301.3264234827943,297.05755180847615,299.8381792845817,22519900
2023-05-05,304.156005859375,305.44841906822023,297.9093718962461,299.32907229863827,28197100
2023-05-08,302.1978454589844,303.7154615391141,299.6913631590147,303.6469176772524,21318600
2023-05-09,300.5823974609375,303.55885692912756,299.9068189980978,301.5614932181392,21340800
2023-05-10,305.7813415527344,306.4569199007131,301.23835354911984,302.16847643254437,30078000
2023-05-11,303.6272888183594,304.6161848272032,299.85779507616377,303.61751818157876,31680200
2023-05-12,302.5111389160156,304.1560121908101,300.19068735342637,304.05809666453393,19774700
2023-05-15,302.9908752441406,303.4216796405487,301.15997149921776,302.63841521778266,16336500
2023-05-16,305.2232360839844,307.15205550564514,303.35316000473966,303.35316000473966,26730300
2023-05-17,308.10809326171875,308.5300175402266,304.9092544308229,306.4301881447826,24315000
2023-05-18,312.54327392578125,313.0535358007283,307.8333531943893,308.62815194349986,27276000
2023-05-19,312.36663818359375,312.7689485029045,310.43360222955846,310.79665472761,27546700
2023-05-22,315.1533508300781,316.53689709363704,312.04284968121516,312.62177529023154,24115700
2023-05-23,309.3444519042969,316.664463629214,309.33462996251853,314.0249365560636,30797200
2023-05-24,307.96087646484375,310.56114546951807,306.7441236524187,308.82436880109975,23384900
2023-05-25,319.8044128417969,320.76600484441417,313.99548322633484,317.1746779116198,43301700
2023-05-26,326.6436462402344,327.14405620676587,317.8027008438637,317.9400583040085,36630600
2023-05-30,324.9951171875,329.44011438601143,324.318062056043,328.93970446554357,29503100
2023-05-31,322.2280578613281,329.63637661307075,321.1879203022461,326.05487171947954,45950600
2023-06-01,326.3394470214844,327.2716331746607,318.62694664026094,319.81423378408647,26773900
2023-06-02,329.10650634765625,331.16710767327845,326.30997811609336,327.9780910808691,25873800
2023-06-05,329.6363830566406,332.20721626429463,328.38040233133853,328.9298920270993,21307100
2023-06-06,327.4188537597656,329.077145159796,325.93720761541044,329.03788733131825,20396200
2023-06-07,317.31207275390625,328.2135893193703,316.4485803635837,325.42688293374783,40717100
2023-06-08,319.1567687988281,320.51087900635844,317.28260481035625,317.8615303442391,23277700
2023-06-09,320.6580810546875,323.79801789828633,318.32273487313944,318.8918385067795,22529000
2023-06-12,325.6231384277344,325.8684474019989,319.05866788081994,322.4144778795906,24260300
2023-06-13,328.0173645019531,330.65689152573293,324.1905503980353,328.19397978099306,22951300
2023-06-14,331.0101318359375,332.6782449291993,326.5651341794789,328.0664239854366,26003800
2023-06-15,341.5682067871094,343.2755475907916,330.87274196684893,331.1474868081879,38899100
2023-06-16,335.9064636230469,344.87497388637837,335.5336191446204,344.7277944942439,46552000
2023-06-20,331.706787109375,335.66116662544215,329.55787807274623,332.9431539372829,26375400
2023-06-21,327.30108642578125,331.39285382983815,325.83905432947427,330.05835726315127,25117800
2023-06-22,333.335693359375,333.738003737129,327.08522445209144,327.8505873806374,23556800
2023-06-23,328.7336120605469,331.61844775311465,327.1930945886858,328.0859928290581,23146900
2023-06-26,322.4342041015625,329.80326720772825,322.32625255394834,327.4581283862571,21520600
2023-06-27,328.2921142578125,329.8424538607447,323.120981710903,325.63294331118817,24354100
2023-06-28,329.5480651855469,331.63810233073093,327.54633567319496,328.38039213208674,20259500
2023-06-29,328.7630920410156,329.80319974916614,326.37869587676175,328.4294754124527,16997000
2023-06-30,334.15008544921875,336.2989944894714,330.8727611005321,331.41242887349597,26832800
2023-07-03,331.64788818359375,334.5032880387074,330.25455007590733,332.8253831560942,12508700
2023-07-05,331.804931640625,335.23925747739463,328.4491214492935,328.80235201893055,18172400
2023-07-06,334.8663635253906,336.5540904646997,329.20464318433727,330.97085581956964,28161200
2023-07-07,330.892333984375,335.37658872716156,330.67646091298434,332.9529351303875,21214800
2023-07-10,325.6035461425781,328.9397726772135,321.44311486214065,328.321589172914,32791400
2023-07-11,326.23150634765625,326.61417278371005,320.86414468674985,324.8479601120357,26698200
2023-07-12,330.8727722167969,335.239254199601,329.3714824206285,330.2840246615467,29995300
2023-07-13,336.2303161621094,337.2900378184535,332.6586029099094,333.18847871055397,20567200
2023-07-14,338.7618408203125,344.8356928683022,337.8492987055268,341.06775095843255,28352700
2023-07-17,339.24273681640625,340.479073827532,335.778974895852,339.19365704889503,20363900
2023-07-18,352.74444580078125,359.89766311953025,335.74946461658294,339.3407612690202,64738600
2023-07-19,348.417236328125,355.6587621887617,345.82678907790546,354.96209307208494,39732900
2023-07-20,340.3612976074219,351.25302227091294,338.88944373248916,346.9355902267656,33778400
2023-07-21,337.3194274902344,343.72689620518594,333.4533559589221,342.59848099973897,69405400
2023-07-24,338.6343078613281,340.4103723937978,335.8868593129291,339.3604427915747,26678100
2023-07-25,344.3941955566406,345.2871238413171,338.595087649529,340.59678737512286,41637700
2023-07-26,331.4320068359375,338.2025578415129,326.85944439453834,335.0331554134673,58383700
2023-07-27,324.5143127441406,334.9252104578534,322.8756357431296,334.09118396383514,39635300
2023-07-28,332.020751953125,333.629993034326,326.91834377394594,327.40896167261354,28484900
2023-07-31,329.6167297363281,331.3633281916557,327.1047386409167,330.59796549651077,25446000
2023-08-01,330.02886962890625,332.1876005255044,327.43842249793084,328.9004543649791,18311900
2023-08-02,321.3547668457031,327.3697478835023,320.2361435127281,327.3697478835023,27761300
2023-08-03,320.530517578125,323.6900983235589,319.83384848481404,319.88289830105487,18253700
2023-08-04,321.6295166015625,328.85142872245865,321.0996408070944,325.65258996189004,23741500
2023-08-07,323.915771484375,324.89700739318704,321.374374073945,322.20843058542397,17741500
2023-08-08,319.9319763183594,322.58132541763825,316.9392185852385,320.82490464522823,22327600
2023-08-09,316.18365478515625,320.9720608226161,315.0257736651899,320.3440854180899,22373300
2023-08-10,316.8705139160156,322.1005182288563,315.15335102644235,319.9025293676403,20113700
2023-08-11,314.98651123046875,316.3602353505344,313.2202688375786,314.25058438633283,24355500
2023-08-14,317.9596862792969,317.97930021692355,314.07397059332675,315.3594171589749,18836100
2023-08-15,315.8205871582031,318.98999004348366,314.87860903477014,316.9392105100473,16966300
2023-08-16,315.0536193847656,319.0065586089997,314.46362532057526,315.44693875811095,20698900
2023-08-17,311.5923156738281,316.4990393179839,310.9334825752944,315.1912458646841,21257200
2023-08-18,311.1990661621094,313.06735580371077,306.3513078182269,309.24225189848187,24755000
2023-08-21,316.50897216796875,317.3841056283608,311.74973815851166,312.62487161890374,24040000
2023-08-22,317.0792541503906,320.63884412186707,316.0959406772382,320.0685355111108,16084600
2023-08-23,321.54345703125,323.70675834794656,318.0625194610532,318.4165278621223,21166400
2023-08-24,314.6307373046875,327.42365210696096,314.62089456965975,327.2958165849543,23281400
2023-08-25,317.590576171875,319.93083688219207,313.4803033090538,316.1057633191369,21684100
2023-08-28,318.2986145019531,320.7077147426084,316.3516428310228,320.2259006961471,14808500
2023-08-29,322.929931640625,323.4904274361002,316.5088968490621,316.5088968490621,19284600
2023-08-30,323.3035888671875,324.30655763191555,321.0026393422181,323.1855960723184,15222100
2023-08-31,322.290771484375,325.3882023265176,321.3271136632982,323.70674501364135,26411000
2023-09-01,323.1758117675781,326.4502324505812,321.3271776248165,325.7815864865364,14942000
2023-09-05,327.9841613769531,329.2624867583471,323.17577461933763,323.5100975629304,18553900
2023-09-06,327.32537841796875,328.87900042913225,324.67042016143193,327.81703513152416,17535800
2023-09-07,324.4049377441406,327.5220245169093,323.5396171232003,325.7619150807658,18381000
2023-09-08,328.6921691894531,330.5506459747243,323.9624339954705,324.58192625722756,19530100
2023-09-11,332.3009338378906,332.7729350743732,329.83280759348713,331.6126024523964,16583300
2023-09-12,326.23382568359375,331.1700773968811,325.948686447505,330.2162623454097,17565500
2023-09-13,330.4523010253906,331.2291270189504,325.64391407139624,325.7815623439832,16544400
2023-09-14,333.0483093261719,335.1722401736746,330.95384667630464,333.4907824159233,20267000
2023-09-15,324.709716796875,331.76989903822374,324.14922101789426,331.2979278629475,37679800
2023-09-18,323.5691223144531,324.8867587399462,320.91416398907404,322.33013776149687,16834200
2023-09-19,323.1659240722656,323.89359635152607,319.095022437881,320.7273261877417,16505900
2023-09-20,315.41741943359375,324.09025057389067,315.1617783626277,324.01159870782635,21436500
2023-09-21,314.1981201171875,319.92101113625847,309.74371174856566,313.93263631012064,35560400
2023-09-22,311.72021484375,316.0861290808594,310.87454964946875,315.9582935275562,21447900
2023-09-25,312.2413635253906,312.36919907613066,309.7437389423757,311.3072037379406,17836000
2023-09-26,306.9314880371094,310.60907089739686,304.8468382254269,309.87158577781963,26297600
2023-09-27,307.57061767578125,309.0554005566663,304.522340026209,307.08877368705123,19410100
2023-09-28,308.4064636230469,310.21575688010876,304.28637761624543,305.80065881535404,19683600
2023-09-29,310.481201171875,314.1391281627372,309.7240606687745,312.4478279409763,24147300
2023-10-02,316.43023681640625,316.51876142882526,309.9207069776333,311.0023577080208,20570000
2023-10-03,308.1606140136719,316.02712155021527,306.0169679036218,315.47643841498,21033500
2023-10-04,313.63763427734375,314.69962955610083,308.7604082061058,308.78990640782996,20720100
2023-10-05,314.03094482421875,314.6406243233155,309.64537557701226,313.76546101615116,16965600
2023-10-06,321.7991027832031,323.69689014771905,311.02196799117377,311.26779630289883,25673600
2023-10-09,324.3164367675781,324.7884080000268,317.78722130749577,319.3310305664322,19891200
2023-10-10,322.9102783203125,325.5750490379659,322.2022915235242,325.4373707679848,20557100
2023-10-11,326.8730163574219,327.26633567090187,323.6477499735418,325.6831856730943,20063200
2023-10-12,325.63409423828125,328.0628797237766,323.23480695672527,325.05394288857616,19313100
2023-10-13,322.26129150390625,328.25947886718836,320.9141270220076,326.8336925301548,21072400
2023-10-16,327.08941650390625,330.53101374822336,325.0834485648815,325.52592163414295,22158000
2023-10-17,326.51904296875,327.8956757176601,321.9466416917106,324.09025768703805,18338500
2023-10-18,324.60162353515625,329.9901926245105,322.82182839963957,326.9419145995413,23153600
2023-10-19,325.7913818359375,331.25860158595435,325.3882197669904,326.60751870152404,25052100
2023-10-20,321.2189636230469,326.3813583630038,320.01932021647565,326.18468370290753,25027700
2023-10-23,323.82476806640625,327.1778702783257,318.9770403265237,320.0390055685396,24374700
2023-10-24,325.0145568847656,326.3026949587647,322.13345600220845,325.77169735313146,31153600
2023-10-25,334.98541259765625,340.4231348794275,331.98628851300685,339.2628021799774,55053800
2023-10-26,322.4186706542969,335.9293882372037,321.4845108470067,334.8575801473551,37828500
2023-10-27,324.30657958984375,331.1012785656195,322.92010413957604,324.91622907683893,29856500
2023-10-30,331.68145751953125,333.7857627071757,326.29288900889105,327.846541065036,22828100
2023-10-31,332.46807861328125,333.34324194155744,329.10516359659624,333.1957509335175,20265300
2023-11-01,340.2952880859375,341.6227672265474,333.9824026215242,334.120080906605,28158800
2023-11-02,342.5077209472656,343.00919036132757,339.0169404715558,341.44572570080203,24348100
2023-11-03,346.91290283203125,348.4763973079303,341.5341781505485,343.79581663208626,23637700
2023-11-06,350.58074951171875,351.57390571697306,347.45381988578487,347.5521572342444,23828300
2023-11-07,354.51397705078125,356.41176470087066,351.6623742073379,353.4028281132475,25833900
2023-11-08,357.13946533203125,357.7982685541479,354.53366062237825,355.6448096480016,26767800
2023-11-09,354.67132568359375,358.7029167734547,354.3468154449931,356.2544459117808,24847300
2023-11-10,363.5014343261719,363.9242518356229,355.0449340954523,355.45790886941,28042100
2023-11-13,360.5613708496094,362.32151033821305,359.79438755425144,362.07568197420926,19986500
2023-11-14,364.0914306640625,365.7434199318085,361.22017242867213,364.81910296344984,27683900
2023-11-15,364.2392272949219,367.64838835280426,361.7168083416723,365.82556050862166,26860100
2023-11-16,370.64373779296875,370.8210862145482,364.7417158302642,365.5102557263558,27182300
2023-11-17,364.4165954589844,368.8701819959366,361.60845836518695,368.12133741912425,40157000
2023-11-20,371.89508056640625,373.30406540619305,365.5496873613857,365.76645657283353,52465100
2023-11-21,367.5892639160156,370.692981489169,365.667899191601,370.15107352548625,28423100
2023-11-22,372.299072265625,374.2105744423134,369.46137707263404,372.44686262583303,23345300
2023-11-24,371.88525390625,372.41732930761407,369.6289174288519,371.786716969812,10176600
2023-11-27,373.0478820800781,375.04808851693826,370.6733134944069,371.2447795697606,22179200
2023-11-28,377.07781982421875,377.3734005384554,372.60450791019576,372.7917190522952,20453100
2023-11-29,373.28436279296875,378.65427940747446,371.89507333786327,378.12223413728344,28963400
2023-11-30,373.343505859375,374.5061634778247,369.9540398668522,372.9296627723548,30554400
2023-12-01,369.0081787109375,372.60455147782466,365.8551770672475,371.2251245346799,33040500
2023-12-04,363.717041015625,364.0914332416113,357.568691355028,363.6776202294819,32063300
2023-12-05,367.0473937988281,367.5991645775178,360.2487659355607,361.06658945811125,23065000
2023-12-06,363.3819885253906,368.68295635972305,362.62331133398067,368.0523741639695,21182100
2023-12-07,365.50042724609375,365.9930818022582,360.9384412449314,362.82038525778927,23118900
2023-12-08,368.7322692871094,368.95887115666653,362.8204141424842,363.776165260302,20154400
2023-12-11,365.8453369140625,366.14094775034295,360.72174651366186,363.0667874962518,27708800
2023-12-12,368.88006591796875,368.91948670565927,365.0176405940666,365.4019256182351,24838300
2023-12-13,368.87017822265625,372.09215835732533,365.3230593019992,370.4959322910932,30955500
2023-12-14,360.5541687011719,368.269156155742,358.78062426547126,367.8257550121924,43277500
2023-12-15,365.28369140625,366.9291409353676,360.89905342816303,361.4606868901136,78502300
2023-12-18,367.1755065917969,367.5203708624891,363.2638274471391,364.0225348565127,21802900
2023-12-19,367.7765197753906,367.7765197753906,364.4067490977682,366.03250325578983,20603700
2023-12-20,365.1752624511719,370.50578841631284,365.08658823838834,369.490921222126,26316700
2023-12-21,368.0523681640625,368.9095822665608,364.6037863278298,367.0867544249883,17708000
2023-12-22,369.0771484375,369.6683400378764,367.2346248372423,368.19037607156224,17107500
2023-12-26,369.15594482421875,371.4024485751995,368.01298255522846,369.4909463405908,12673100
2023-12-27,368.5746154785156,369.55006195328735,367.3331162784424,368.20019317568403,14905400
2023-12-28,369.7668762207031,370.92953398851967,368.66333460587697,369.85555045018873,14327000
2023-12-29,370.51568603515625,371.6192275460888,367.9932968475244,370.4762652471226,18730800
2024-01-02,365.421630859375,370.3777351043963,361.3818569854959,368.36769584733304,25258600
2024-01-03,365.1556091308594,367.7765353087628,363.09631643448915,363.58897105283376,23083500
2024-01-04,362.53466796875,367.61886702823733,361.7759907127874,365.22457289866344,20901500
2024-01-05,362.34747314453125,366.5941535649678,361.115836594074,363.5495516205476,21004600
2024-01-08,369.1854553222656,369.6879725666923,363.5889070595098,363.8746250380008,23134000
2024-01-09,370.2693176269531,370.46636140674497,365.73688972227416,366.5448504063893,20830000
2024-01-10,377.1467590332031,378.5262158492707,370.7915332845255,370.8407867125645,25514200
2024-01-11,378.9794616699219,384.9405699760392,374.79189779905875,380.3293303889791,27850800
2024-01-12,382.7630920410156,382.9699985676337,378.9992034255686,379.82685960129345,21661200
2024-01-16,384.53662109375,388.24139340844187,381.925557656747,387.8768338056293,27202300
2024-01-17,383.7483825683594,384.37896483224864,379.1568380014038,382.28028145481545,22234100
2024-01-18,388.0837097167969,388.2019420036005,384.3888004079398,385.9653010602353,23392100
2024-01-19,392.8132019042969,392.8132019042969,387.7191405000406,389.9459487436234,29331100
2024-01-22,390.6849670410156,394.73457348742886,387.8078508984798,394.14338194370225,27016900
2024-01-23,393.0398254394531,393.51278467024315,388.1428376176736,389.9361075398463,20525900
2024-01-24,396.6460876464844,399.6709942481896,394.5670995707582,395.64108304053997,24867000
2024-01-25,398.922119140625,401.03069519921775,396.6164992894369,398.3802111244257,21021200
2024-01-26,397.99591064453125,400.20302354825617,396.517946945891,398.4294490683389,17803300
2024-01-29,403.7008972167969,403.9570872376775,398.39006605624104,400.09466184188676,24510200
2024-01-30,402.58746337890625,406.9819337836752,400.47891742664234,406.2035612023494,33477600
2024-01-31,391.73919677734375,409.2186014629223,391.3746372046445,400.9814013717962,47871100
2024-02-01,397.84814453125,402.00615052622754,395.89722150523676,395.9267795782407,30657700
2024-02-02,405.1788635253906,406.58784851032016,397.63139120108593,397.8777185090492,28256700
2024-02-05,399.6906433105469,405.1197062490565,398.05502654340927,403.8782071207988,25352300
2024-02-06,399.5330505371094,401.9766283777374,396.9909658238313,399.9173355897547,18382600
2024-02-07,407.96728515625,408.21361247009133,401.41498462192203,401.45440541152726,22340500
2024-02-08,408.0263366699219,409.455046891578,406.46956152352715,407.96722052950486,21225300
2024-02-09,414.3717956542969,414.637848397784,408.99201553500313,409.1496686243005,22032800
2024-02-12,409.15948486328125,414.5589597294503,408.6569675775543,414.381611300105,21202900
2024-02-13,400.350830078125,404.04573947399683,397.4638814201037,398.9910986093642,27824900
2024-02-14,404.2203369140625,404.5658388517389,399.36366838251547,402.8186275095737,20401200
2024-02-15,401.3280944824219,403.86502912534854,399.08731730113595,402.8877787891035,21825500
2024-02-16,398.8602294921875,403.03580530507566,398.2482129693453,402.71003513978644,22296500
2024-02-20,397.60662841796875,399.284733568485,392.8881419655763,398.0508194321391,24307900
2024-02-21,397.0044250488281,397.1130251474651,392.10826265454955,395.0203117904289,18518900
2024-02-22,406.3525695800781,407.51737721520215,403.3122186108832,404.9113664023,27009900
2024-02-23,405.0594177246094,410.5083711673126,403.70705278478863,410.3208439519873,16295900
2024-02-26,402.2955017089844,406.8560435321,402.11779517864807,406.16503956653713,16193500
2024-02-27,402.23626708984375,403.0654537547415,398.65297570324026,402.73968356058333,14835800
2024-02-28,402.47314453125,404.03279861285756,400.10403561463596,402.9272164600946,13183100
2024-02-29,408.3169860839844,408.8697771758562,400.6963316033454,403.3813298173751,31947300
2024-03-01,410.1531066894531,410.518340496371,405.5925643303567,405.97752992080575,17823400
2024-03-04,409.58056640625,411.97928843531616,407.01401878725187,408.11960111547035,17596000
2024-03-05,397.4684143066406,408.91914348036823,395.48430086662944,408.63286696668945,26919200
2024-03-06,396.9156188964844,399.94611920290095,393.26325117893276,397.784299256291,22344100
2024-03-07,403.8748779296875,404.50662623949256,397.06364847725683,400.8937223940283,18718500
2024-03-08,400.9924621582031,405.1384255054804,399.12676961447175,402.71006091285966,18002200
2024-03-11,399.3143310546875,400.45940694447387,396.09630359488256,398.5641317733387,16120800
2024-03-12,409.9359130859375,410.2221896174698,401.5551774159086,402.37448319598684,22457000
2024-03-13,409.7582092285156,412.79856038183436,406.15518600344376,412.7196031326607,17115900
2024-03-14,419.74798583984375,422.3145333258251,412.6110154706253,414.83206096573,34157300
2024-03-15,411.06121826171875,417.16168230340674,407.4779269181007,413.8942801973478,45079900
2024-03-18,411.9496765136719,415.3157981490169,408.45522297839426,408.9191759339957,20106000
2024-03-19,415.9869689941406,416.24363275003464,410.20236440839864,412.45302237396163,19837900
2024-03-20,419.7578430175781,420.4784295685996,415.24664585974097,416.5693981535872,17860100
2024-03-21,423.84454345703125,425.27589583117316,421.6629918116586,424.29861540078343,21296200
2024-03-22,423.2226867675781,424.32826906328035,420.58706292422704,424.1703545566299,17648500
2024-03-25,417.4183654785156,421.90983138183765,416.18445123994246,419.7677430087365,18060500
2024-03-26,416.2239074707031,420.50805370647623,415.92778013004056,420.13293899173254,16725600
2024-03-27,416.0067138671875,418.9878695106981,413.61787312123863,418.9779885582823,16705000
2024-03-28,415.3058776855469,416.4410726444904,413.7264615959985,415.5427795552794,21871200
2024-04-01,419.1063537597656,422.3836369877504,416.78658912173853,418.494337158426,16316000
2024-04-02,416.0166320800781,416.944537944627,412.4629532504076,414.7037305350885,17912000
2024-04-03,415.0393371582031,417.8131735008708,413.6968230222425,414.3286014685427,16502300
2024-04-04,412.5024108886719,423.1535654935394,412.1964026116657,419.52089960464946,19370900
2024-04-05,420.04412841796875,421.0214089561493,412.93680065087176,414.6050550709994,16554800
2024-04-08,419.1260681152344,421.7814536782747,417.85266032435015,419.698621129678,14272400
2024-04-09,420.79425048828125,422.2354534811924,416.1942158774967,420.95219508166,12496900
2024-04-10,417.813232421875,418.5733127302172,414.29904716210126,416.7569946282444,16216600
2024-04-11,422.4230651855469,423.8445365841043,416.92473693729744,420.3402327247268,17966400
2024-04-12,416.47064208984375,419.70843118069365,414.36804783994415,418.59296811855137,19253800
2024-04-15,408.3169860839844,421.32736877280126,408.10966683089106,421.1101986920762,20273500
2024-04-16,409.2449035644531,413.0157525674185,408.40586601327965,409.23505273581486,16765600
2024-04-17,406.5401306152344,413.4895430541291,405.04955278693666,411.88051429574114,15855500
2024-04-18,399.06756591796875,406.5895318440509,398.7517067920222,405.34573674704745,21029900
2024-04-19,393.98382568359375,400.2619961941858,392.6511924508159,398.8306438099327,30565800
2024-04-22,395.8002014160156,397.6658942394219,390.65725520880864,394.9315209559022,20286900
2024-04-23,402.3251037597656,402.94700128728675,397.8731320388209,399.0379397213986,15734500
2024-04-24,403.7958984375,407.16201954597966,401.54524043863097,404.28946405238224,15065300
2024-04-25,393.9048156738281,394.743883161692,383.0364922615723,388.95927905846787,40586500
2024-04-26,401.0911560058594,407.68518518518516,400.5383649444101,406.86587954495434,29694700
2024-04-29,397.07354736328125,401.0911788014965,394.05292813266897,400.0349411285761,19582100
2024-04-30,384.31982421875,396.9847359459567,384.16190971715395,396.323344705487,28781400
2024-05-01,389.85760498046875,396.55035342207367,385.28718262896496,387.5575723765422,23562500
2024-05-02,392.72027587890625,394.78337648708447,389.57132491777804,392.54259949156545,17709400
2024-05-03,401.4267883300781,401.9104729912864,396.68854036623503,397.1031487364524,17446700
2024-05-06,408.21826171875,408.603227237703,401.1405174679132,403.49977559314374,16996600
2024-05-07,404.0722961425781,409.33372249534176,403.8255133338143,409.32384154303776,20018200
2024-05-08,405.25689697265625,406.92515129872777,401.47616718048914,402.91740058487204,11792300
2024-05-09,407.013916015625,407.40876244388096,403.8353525621593,405.28643653276,14689700
2024-05-10,409.40277099609375,410.0345494035734,406.5006029520457,407.6259469435492,13402300
2024-05-13,408.39593505859375,412.96635748889184,405.53326050690544,412.63073648454196,15440200
2024-05-14,411.19940185546875,412.117426712038,406.25386452353786,406.71781742817865,15109300
2024-05-15,418.38873291015625,419.11064928832116,412.6431585651123,413.26617774118506,22239500
2024-05-16,416.32196044921875,420.7028625691673,415.6890726034355,417.1229765763839,17530100
2024-05-17,415.5506286621094,418.23060143126196,413.39480813113437,417.85481010987854,15352200
2024-05-20,420.623779296875,422.03791605530984,415.33309465424287,415.5506564770171,16272100
2024-05-21,424.28271484375,428.1691308622737,420.1391721073256,422.09719809997813,21453300
2024-05-22,425.7463073730469,427.61536520540614,422.393911984686,425.32108253196407,18073700
2024-05-23,422.26531982421875,428.792143449846,420.7028525285379,428.1691242148773,17211700
2024-05-24,425.39031982421875,426.2803344425143,419.70407675613797,422.4532504584075,11855300
2024-05-28,425.54852294921875,426.0429788375184,421.8697699331016,424.86617140902985,15718000
2024-05-29,424.4112854003906,426.1616484009117,420.96986151310944,420.96986151310944,15517100
2024-05-30,410.0720520019531,419.5952468817441,409.64679700979286,419.5952468817441,28394500
2024-05-31,410.5269775390625,412.1290098934204,400.0247386123212,412.1290098934204,47995300
2024-06-03,408.9347839355469,411.81252080542527,404.38581394057536,410.92250624898264,17484700
2024-06-04,411.4565124511719,411.82240496411936,405.1373519842431,407.85685925302585,14348900
2024-06-05,419.30853271484375,419.3777336097301,411.6840004488704,413.1772670336835,16988000
2024-06-06,419.81280517578125,420.5940539083252,415.9164904670929,419.3084807052153,14861300
2024-06-07,419.1502380371094,421.55328627071816,418.3096570403155,421.47418661206035,13621700
2024-06-10,423.12567138671875,423.33333440686357,419.1898218829819,419.9908379970184,13982900
2024-06-11,427.8823547363281,428.0208168757502,420.53474723054455,420.76220781136936,14551100
2024-06-12,436.16943359375,438.4834835709838,428.4460348943523,430.4930895516259,22366200
2024-06-13,436.6836853027344,438.47364353190966,434.4981985450977,435.9617989605403,15960600
2024-06-14,437.6626892089844,438.2263761607837,431.877549319742,433.42024926631433,13582000
2024-06-17,443.39837646484375,445.9398870196781,435.8332072728674,437.68246749988464,20790000
2024-06-18,441.39093017578125,445.14881347223474,439.9570260401522,444.723558422561,17112500
2024-06-20,440.7579650878906,441.57874853555217,436.377063237948,441.35128797574686,19877400
2024-06-21,444.7927551269531,445.58387250760194,441.5590243550793,442.4193728058131,34187100
2024-06-24,442.7061767578125,447.72983562691786,441.4601381818841,444.8125336268041,15913700
2024-06-25,445.9497985839844,446.41458834788966,441.7963568563546,443.27972459062323,16413400
2024-06-26,447.1463317871094,448.5703670936918,443.2203510089548,444.0213670965085,16507000
2024-06-27,447.8287353515625,451.1119299222234,446.76069365788027,447.16615113611203,14806300
2024-06-28,441.994140625,450.3306598473802,441.4601198033777,448.0462760060759,28362300
2024-07-01,451.6656799316406,452.2985677661532,440.7184194830795,443.6851547691378,17662800
2024-07-02,454.1874084472656,454.4939686896818,448.08580938726794,448.17483800659534,13979800
2024-07-03,455.6608581542969,455.9080860928665,452.80291887761234,453.10947910710325,9932800
2024-07-05,462.37554931640625,463.1567980049815,453.8808014849039,454.51368927600026,16000300
2024-07-08,461.0702209472656,462.5140538822785,459.30995917726233,461.37678118625774,12962300
2024-07-09,454.44451904296875,462.14811993117183,452.9215864810465,461.8217923289273,17207200
2024-07-10,461.08013916015625,461.2878021935715,453.7720662754438,456.1059138794407,18196100
2024-07-11,449.6582336425781,459.6264518865709,446.5431371483352,457.84642261488483,23111200
2024-07-12,448.5209045410156,451.2997440970952,445.653066550447,449.2922544857781,16324300
2024-07-15,448.9263916015625,452.18981864416236,446.4244459584992,448.2737061930426,14429400
2024-07-16,444.53564453125,449.26264197328965,441.7073711225493,449.1835423040314,17175700
2024-07-17,438.6021423339844,439.9174119033302,434.3102688250729,437.6824616204732,21778000
2024-07-18,435.4870910644531,439.71963242472316,429.5832863227986,439.41307217646386,20794800
2024-07-19,432.2632141113281,436.2485575608238,427.20988939637874,428.2976983913284,20940400
2024-07-22,438.028564453125,439.6701615477493,434.04325138518465,436.89132199854777,15808800
2024-07-23,439.91741943359375,443.41817564914504,438.1868237868677,438.97794115369385,13107100
2024-07-24,424.14422607421875,436.5847522773038,422.8487541493976,435.5661744239133,26805800
2024-07-25,413.76068115234375,425.0342693658965,412.88056536465024,424.0453575896341,29943800
2024-07-26,420.5544738769531,424.16402577751,412.6431801625324,413.56289099301864,23583800
2024-07-29,421.9983215332031,427.3582063126635,419.9908318898155,426.7945193727036,15125800
2024-07-30,418.2305908203125,424.2925947905347,412.732213459478,422.97735537825565,32687600
2024-07-31,413.71124267578125,417.10320278469345,407.6393099563061,415.8373969334193,42891400
2024-08-01,412.4849548339844,422.7201972162586,408.50954056683383,416.12417291556886,30296400
2024-08-02,403.9605712890625,410.3983967606497,399.8565933572946,407.91621848675555,29437900
2024-08-05,390.76849365234375,396.59319866894845,381.30460043688157,384.8548203739987,40709200
2024-08-06,395.17901611328125,401.1718491768835,394.0813385396222,395.5647061878266,24946500
2024-08-07,394.0121154785156,405.532931744476,393.06276861454995,404.1089265381238,20650900
2024-08-08,398.22491455078125,401.3597482091065,395.50540696833514,397.97768658874065,20203000
2024-08-09,401.5179748535156,403.52546468375385,397.7996868528818,399.55004994709526,19276700
2024-08-12,402.2991638183594,404.2275536933188,399.75765352179553,402.54639174185724,16762900
2024-08-13,409.4193420410156,410.34892145213996,405.0285716844,405.04833905386585,19414300
2024-08-14,412.23779296875,413.08827288112064,407.876718123392,410.20063690456334,18267000
2024-08-15,417.1119384765625,417.1911807023102,413.77330417482125,415.8933738414004,20752100
2024-08-16,414.5758056640625,417.4190931983878,413.4166801400684,416.6859891605723,22775600
2024-08-19,417.6073303222656,417.8252842584304,412.5845034071879,415.0612389392474,15234000
2024-08-20,420.84686279296875,421.896996173198,417.7162958847744,417.7757351150828,16387600
2024-08-21,420.1930847167969,422.43203322162,417.7955912661998,420.1336152453366,16067300
2024-08-22,411.6829833984375,422.8184073246916,410.75172838496667,420.410997320223,19361900
2024-08-23,412.91143798828125,415.3584538355035,408.255163223579,413.0996723021897,18493800
2024-08-26,409.6421203613281,413.396859709793,407.51213395459416,412.4953243921623,13152800
2024-08-27,409.9888916015625,410.5040417108967,406.43230298651787,409.01800038370646,13492900
2024-08-28,406.779052734375,411.13810125518216,403.5196602855256,411.0192227861693,14882700
2024-08-29,409.27557373046875,418.1224654785976,406.7790352875099,411.0786443893992,17045200
2024-08-30,413.2581787109375,413.60489748199507,408.29479126700903,411.7325012306554,24308300
2024-09-03,405.6298522949219,415.97270258559973,403.24227554701594,414.02103372225025,20313600
2024-09-04,405.0948791503906,407.41310010382534,400.60703533664076,402.13271297104455,15135800
2024-09-05,404.589599609375,409.25576060406553,402.35062114910426,403.8267457621573,14195500
2024-09-06,397.96185302734375,406.8285475492744,397.0702041035056,405.2533474753259,19609500
2024-09-09,401.9444885253906,404.84721553886465,398.4077026542291,403.45033296201285,15295100
2024-09-10,410.3455810546875,412.4557344655397,403.90606826316616,404.4014154009755,19594300
2024-09-11,419.1033020019531,420.0444433948456,405.76853569187716,411.6334589269,19266900
2024-09-12,423.02642822265625,423.39298024346107,415.84389519077274,419.37076416429335,17395700
2024-09-13,426.5830078125,427.8114589338371,421.5007417784194,421.8672937914901,15874600
2024-09-16,427.3260498046875,429.4956726087264,424.2350886136153,426.59294574191983,13834700
2024-09-17,431.1005859375,437.73824933805764,428.24738173228826,436.13332953102315,18874200
2024-09-18,426.80096435546875,431.9723892702998,426.40469272360485,430.95197545729616,18898000
2024-09-19,434.6076354980469,437.3914837460106,432.8342844371603,437.1240071994986,21706600
2024-09-20,431.2194519042969,435.1525090726311,430.17923509170157,433.15131768035957,55167100
2024-09-23,429.4758605957031,432.3983904018878,426.38489946949306,430.23868426031646,15128900
2024-09-24,425.1762390136719,429.31733347364775,422.1348005929618,428.9705844602765,17015800
2024-09-25,428.0888671875,429.08947802981356,424.58183139807875,425.8300855631319,13396400
2024-09-26,427.2962951660156,431.2491551844422,425.1365891561316,431.0411178765214,14492000
2024-09-27,424.03692626953125,427.8313020370733,423.49205654568107,427.5043560158928,14896100
2024-09-30,426.29571533203125,426.4146240359172,421.4116000312542,424.2251680181162,16807300
2024-10-01,416.775146484375,424.49266278755016,414.91263654622963,424.4629431708175,19092900
2024-10-02,413.248291015625,418.88534363054407,412.8321861342137,418.6475564553425,16582300
2024-10-03,412.66375732421875,415.64572621192764,410.43469544557,413.7436103396226,13686400
2024-10-04,412.188232421875,415.8438964916741,411.1083793562167,414.34793855319174,19169700
2024-10-07,405.7288818359375,413.2284134108737,405.19389854116383,412.1287574404014,20919800
2024-10-08,410.8507995605469,411.79197118142247,404.37168100298584,407.0762569270798,19229300
2024-10-09,413.5752258300781,416.4680664316237,410.4446282759856,411.99010893472126,14974300
2024-10-10,411.97027587890625,413.46623380792397,409.3053060403614,411.3659669240718,13848400
2024-10-11,412.4458312988281,413.24829121073924,409.4043927403761,412.26751359253427,14144900
2024-10-14,415.2395935058594,420.09398917949596,413.6346434592421,413.8823170164031,16653100
2024-10-15,414.8432922363281,418.5485092157335,411.3956956650851,418.25128280655105,18900200
2024-10-16,412.2476806640625,412.48543760596397,406.66018089425665,411.3065392799767,15508900
2024-10-17,412.84210205078125,418.5683135090887,411.722612729939,418.429601804324,14820000
2024-10-18,414.2687072753906,415.7448320191293,412.38639426497724,413.2582100340754,17145300
2024-10-21,414.8829345703125,415.06125227829034,409.89974372900497,412.2476842514802,14206100
2024-10-22,423.53167724609375,426.57308539168537,414.14980218140033,414.59559642085827,25482200
2024-10-23,420.6487731933594,427.06845240983137,418.59802889539156,426.8504984713963,19654400
2024-10-24,420.7775573730469,422.01592511987707,418.4692229621463,421.3719497046553,13581600
2024-10-25,424.16571044921875,428.4950392124222,422.6004269353124,422.78866124967664,16899100
2024-10-28,422.6202392578125,427.9204593260478,422.33292947161533,427.64306615669506,14882400
2024-10-29,427.93035888671875,429.1390069836367,421.8375655534697,424.01710482121905,17644100
2024-10-30,428.5049743652344,434.4194201314416,428.0789831021246,433.3692866656604,29749100
2024-10-31,402.568603515625,412.2873114234298,402.5190506643278,411.4947379049696,53971000
2024-11-01,406.5511779785156,411.63344411141696,403.7078904341815,405.20384836550784,24230400
2024-11-04,404.658935546875,406.6007179042562,401.79584509345045,405.9864621175824,19672300
2024-11-05,407.63104248046875,411.0390330760231,404.28249112047496,404.5698009147436,17626000
2024-11-06,416.2699279785156,416.53743479175165,406.6998173145334,408.58216069067197,26681800
2024-11-07,421.4710388183594,422.8778379270892,415.9726979378319,417.3596638124742,19901800
2024-11-08,418.6079406738281,422.5310812867246,417.8550033981939,421.3620693729889,16891400
2024-11-11,414.1201171875,420.8568260602772,412.1288120506796,418.58812774007396,24503300
2024-11-12,419.0933532714844,420.49023567836724,413.3176195666668,414.35783635110096,19401200
2024-11-13,421.2431945800781,425.3347363138495,414.31822142109314,417.7163255743709,21502200
2024-11-14,422.91748046875,424.1855678921326,416.0915826132808,421.04505383486753,30246900
2024-11-15,411.13812255859375,418.86552578071695,409.79079286185015,415.91327620196233,28247600
2024-11-18,411.89105224609375,414.50646935219214,408.2651076525754,411.0093198489206,24727000
2024-11-19,413.9021301269531,414.0507282073073,407.72017788193654,409.26565838479394,18133500
2024-11-20,411.6235046386719,413.4067722571845,406.75919271133495,412.9906674094557,19191700
2024-11-21,409.8466491699219,416.70605256605285,407.28555520801666,416.4281041493026,20780200
2024-11-22,413.9463806152344,414.3434454251094,408.04987579157546,408.35760329128635,24814600
2024-11-25,415.7232971191406,417.99650611752486,411.812146489521,415.3162958278843,27691100
2024-11-26,424.8559265136719,425.89825580258685,415.78287220202776,416.5174436728799,23458900
2024-11-27,419.89251708984375,424.10148899734514,418.929618998767,421.9969878965425,18332400
2024-11-29,420.3591003417969,421.76871536801127,414.7405434642979,417.0137828520631,16271900
2024-12-02,427.82403564453125,429.82923270647603,418.22483367708463,418.48293944626425,20207200
2024-12-03,428.0424499511719,429.3031391752765,424.60776479316314,426.69239311416067,18302000
2024-12-04,434.21685791015625,436.45038152660425,429.46192581768037,429.8589906240061,26009400
2024-12-05,439.3787841796875,441.4038541812057,432.9760343176013,434.71321944433936,21697800
2024-12-06,440.32183837890625,442.8333105145372,438.5350012201072,439.0611189309198,18821000
2024-12-09,442.7538757324219,445.0469576507044,437.2743084708553,439.35893665859504,19144400
2024-12-10,440.08355712890625,446.3275050202344,438.3662450103701,441.1358228013123,18469500
2024-12-11,445.7021789550781,447.05223585940473,440.79835058458633,440.79835058458633,19200200
2024-12-12,446.2679748535156,452.8196506561494,445.8212579806136,445.8212579806136,20834800
2024-12-13,443.9947509765625,448.12429204881937,442.3171239692673,445.15619671011535,20177800
2024-12-16,448.2831115722656,448.86878750909034,442.01932060586137,443.99473862109255,23598800
2024-12-17,451.132080078125,451.9560191338881,446.2779042343056,447.70736185197006,22733500
2024-12-18,434.18707275390625,449.33530544806223,433.8197567617204,448.015058169262,24444500
2024-12-19,433.8297424316406,439.9347015317489,433.12495005824394,438.38612742715867,22963700
2024-12-20,433.4029235839844,440.4906238895222,425.49128413888167,429.93845914028344,64263700
2024-12-23,432.0627746582031,434.44519400818086,429.6604823749245,433.54185407205193,19152500
2024-12-24,436.1128845214844,436.3809267682004,431.0105391906017,431.4671622449362,7164500
2024-12-26,434.90179443359375,437.7110878799943,433.43265156283826,435.8646925313124,8194200
2024-12-27,427.3773193359375,432.0329778888151,423.2279358558446,431.4175228637617,18117700
2024-12-30,421.7190246582031,424.4191077458383,418.810487849265,422.9400284711836,13158700
2024-12-31,418.4134521484375,423.6051649635355,417.5796069111211,422.97977346202197,13246500
2025-01-02,415.51483154296875,422.9500047735069,411.81216477472935,422.4139505741353,16896500
2025-01-03,420.2499084472656,420.9249216883709,416.46781065088146,417.99651176266025,16662900
2025-01-06,424.71697998046875,431.13960318889787,422.3643396757335,424.865875513533,20573600
2025-01-07,419.2770690917969,427.49643519355806,417.7185585987197,425.85852385294453,18139100
2025-01-08,421.4510192871094,423.8433749158129,418.4531451224049,420.3590683350305,15054600
2025-01-10,415.8821105957031,421.59991046888086,411.98086631184646,421.52050962504774,20201100
2025-01-13,414.1350402832031,415.4354451072025,409.27092762989713,412.19930745359136,17604800
2025-01-14,412.6261291503906,416.6663021751594,407.7123650821303,414.75044252358344,16935900
2025-01-15,423.1882019042969,425.0147242617403,415.2070689754285,416.06078709453215,19637800
2025-01-16,421.47088623046875,426.34493507947604,421.28230542678756,425.56074187721237,15300000
2025-01-17,425.8883056640625,431.29840862027794,425.0346177976779,430.91124996405387,26197500
2025-01-21,425.3622131347656,427.7446325404098,422.48345509069117,427.0497766230712,26085700
2025-01-22,442.9325866699219,443.9947282693763,432.8072669314077,434.3558409675422,27803800
2025-01-23,443.4388122558594,443.4785278251988,438.266972657695,438.76331124507635,18389300
2025-01-24,440.8082580566406,443.37928850377745,438.16773293128523,441.9002090925553,15549500
2025-01-27,431.3778076171875,432.01313557520695,420.39880005578783,420.90507512895306,35647800
2025-01-28,443.9252624511719,445.0966142937209,428.2211016468738,431.4175234893937,23491700
2025-01-29,439.09088134765625,443.607580668921,437.1750216711049,443.41896958220315,23581400
2025-01-30,411.95111083984375,419.7634757332681,410.1345248522129,415.7034295288443,54586300
2025-01-31,412.0206298828125,417.60940782263856,411.87173434946413,415.9119381542539,34161900
2025-02-03,407.9109802246094,412.368091725276,405.6675197732108,408.5859935358612,25679100
2025-02-04,409.35028076171875,410.8889485554991,406.7395349510832,409.66794472749183,20532100
2025-02-05,410.2635803222656,410.7996042139957,407.39472859021873,409.33046130378085,16316700
2025-02-06,412.7750244140625,415.1376009046221,410.9683447102107,410.9683447102107,16309800
2025-02-07,406.7494812011719,415.58430218979566,405.1115698860282,413.4302096384315,22886800
2025-02-10,409.2013854980469,412.4176498447071,407.91091729068654,410.6804647918203,20817900
2025-02-11,408.4271240234375,409.4694230026259,406.30278019920314,406.64031711794166,18140600
2025-02-12,406.044677734375,407.7421472112012,401.40886202523427,404.22806155020925,19121700
2025-02-13,407.5337219238281,407.99034497113007,403.38430804391083,404.01963601763975,23891700
2025-02-14,405.43914794921875,405.91564391864586,402.9078331667541,404.80385028408716,22758500
2025-02-18,406.6402893066406,407.59325090478893,403.52326846051176,405.01228421128855,21423100
2025-02-19,411.7326965332031,412.4474253032674,404.66483997040297,404.8931666240703,24114200
2025-02-20,413.91107177734375,417.07410775463984,410.3402184035009,413.0755545581438,23508700
2025-02-21,406.03326416015625,415.8207899827264,405.71499358869687,415.11458446579724,27524800
2025-02-24,401.8457336425781,407.1870941067446,397.1906962904959,406.3316944915949,26443700
2025-02-25,395.7782287597656,399.7768119064437,394.5846458623518,398.9611771958944,29387400
2025-02-26,397.5984802246094,401.4478388786511,392.1476909921423,395.8876507833858,19619000
2025-02-27,390.4368896484375,403.5764407452776,390.0788238664077,399.13027515598884,21127400
2025-02-28,394.87310791015625,395.50970978817173,384.50868780557136,390.5662102627109,32845700
2025-03-03,386.4184265136719,396.693360360252,384.1008642400347,396.693360360252,23007700
2025-03-04,386.53778076171875,390.48661254503907,378.9683745181786,381.3555708063787,29342900
2025-03-05,398.8816223144531,399.52818059067016,386.73673843465946,387.2639110911412,23433100
2025-03-06,394.7736511230469,400.00558222724027,390.5860785359009,392.1775528184261,23304600
2025-03-07,391.2127380371094,392.6947831487431,383.4841811851977,390.2280267594304,22034100
2025-03-10,378.13287353515625,384.3395902213564,375.20854809150063,383.7825787420743,32840100
2025-03-11,378.4212951660156,383.9416881253617,374.9001634128666,376.97901502464265,30380200
2025-03-12,381.22625732421875,383.1658713736677,376.92931616803475,380.9079867475423,24253600
2025-03-13,376.750244140625,383.2653352756173,375.43730594967485,381.1168495701804,20473000
2025-03-14,386.4880676269531,388.1491759928466,377.48633735073093,377.7548866940246,19952800
2025-03-17,386.6273193359375,390.61591588488574,383.5140048019888,384.6379840789578,22474300
2025-03-18,381.4749450683594,385.3044217812384,379.06786623501773,385.0060336134189,19486900
2025-03-19,385.75201416015625,387.6020814133235,381.9523764633006,383.47421674907764,19185500
2025-03-20,384.7772216796875,389.7008385815923,381.2362073514129,383.68308121761453,18470500
2025-03-21,389.1736755371094,389.65109658333733,380.7587653391681,381.1765391094654,39675900
2025-03-24,390.9839782714844,393.2916146921325,387.7314257194749,393.2916146921325,21004500
2025-03-25,393.0528869628906,394.2464699747621,390.54633531859656,391.8195087441688,15775000
2025-03-26,387.89056396484375,393.2020858372719,386.49803525659746,392.89374127883343,16108400
2025-03-27,388.497314453125,390.1484665522675,385.3342783094565,388.0497321808232,13766800
2025-03-28,376.78009033203125,387.05502406399853,374.920066699825,386.01060482786494,21632000
2025-03-31,373.3883056640625,375.0593400396717,365.28173999012597,370.5534967757106,35184700
2025-04-01,380.15203857421875,380.80852287787553,371.2398247656492,372.65223585591366,19689500
2025-04-02,380.1023254394531,383.0266205201498,374.6117403662579,375.95454781806535,16092600
2025-04-03,371.1204528808594,375.4671762502354,367.3805229509676,372.7915176951189,30198000
2025-04-04,357.9212341308594,372.5925832225619,357.5631683165765,362.1883672134991,49209900
2025-04-07,355.9517822265625,369.021730877009,342.9514979578054,349.00902084094025,50425000
2025-04-08,352.66937255859375,371.65757505461033,348.38235725741856,366.2963320079612,35868900
2025-04-09,388.4077453613281,391.1331552543464,351.21713920354574,351.6547953803853,50199700
2025-04-10,379.3164978027344,381.852888057324,365.8387335220006,380.02270330397937,38024400
2025-04-11,386.3786926269531,387.9701367142302,376.86967153767677,378.61034006862997,23839200
2025-04-14,385.7420654296875,392.54558862795363,382.1612557582716,391.1232211496066,19251200
2025-04-15,383.67315673828125,389.80031299588615,382.11152127039287,386.4383315419063,17199900
2025-04-16,369.6284484863281,379.5751254610235,366.0377126687907,378.6401657518634,21967800
2025-04-17,365.8188781738281,372.3240133010547,364.9336397230584,371.75704543823275,21120200
2025-04-21,357.2050476074219,362.5364820854384,353.7734623702264,360.88533011613976,20807300
2025-04-22,364.864013671875,365.80892977570767,357.94110461161955,361.44235434917846,19485000
2025-04-23,372.3936462402344,378.3616523034824,371.0309260243866,374.05472426245655,20545500
2025-04-24,385.2347717285156,386.3786638188774,373.1893609627435,373.69665118177875,22232300
2025-04-25,389.7605285644531,390.068873110604,382.54918803088736,384.93638434344297,18973200
2025-04-28,389.0741882324219,390.6457497092271,384.5783015368256,389.86991018310994,16579400
2025-04-29,391.9388427734375,392.99318803647833,388.2983555925269,389.2134328165618,14974000
2025-04-30,393.1523742675781,394.54490301008695,382.3900622096707,388.21880050147547,36461100
2025-05-01,423.1316223144531,434.65981700987567,422.6342884776108,428.81116623183453,58938100
2025-05-02,432.95892333984375,437.0967443095362,427.69712309519423,429.43779144193553,30757400
2025-05-05,433.8442077636719,437.15643772408293,429.80582912695047,430.5617862640975,20136100
2025-05-06,430.99945068359375,435.39589519237757,428.8708776295015,429.8953841273505,15104200
2025-05-07,431.03924560546875,435.7837995157977,428.8111693588705,431.5266230555768,23295300
2025-05-08,435.83355712890625,441.30422944958144,433.3369315017373,435.5948162408885,23491300
2025-05-09,436.39056396484375,438.38982536855053,433.55575499424157,437.6537809958818,15324200
2025-05-12,446.8643798828125,446.97377874951286,437.4349200185842,443.5620761346614,22821900
2025-05-13,446.74505615234375,448.2668964878236,442.9851831830833,445.392292323668,23618800
2025-05-14,450.5247497558594,451.47962216221697,445.75035736922496,445.75035736922496,19902800
2025-05-15,451.5412292480469,454.5904977674882,448.85068389062144,449.1894881249397,21992300
2025-05-16,452.67718505859375,452.7668658429008,447.15663182075053,450.4649678139624,23849800
2025-05-19,457.26104736328125,457.9785240250479,449.2193361148497,449.29907263869796,21336500
2025-05-20,456.56353759765625,456.73292449884485,452.72703072274504,453.9925667897047,15441800
2025-05-21,450.9831848144531,456.1749087494066,450.2258398312579,452.97617231921885,19216900
2025-05-22,453.26513671875,458.63625267798704,452.30851122486644,453.3548479183862,18025600
2025-05-23,448.6015319824219,452.09923464302557,447.33599591595265,448.402251486361,16883500
2025-05-27,459.07470703125,459.33380513701957,454.5207233060155,454.87947686866386,20974300
2025-05-28,455.75634765625,460.8982588383752,455.3278626603832,459.60282918231184,17086300
2025-05-29,457.0717468261719,460.10109634693043,453.71356774793736,459.93167902845283,13974800
2025-05-30,458.7458190917969,460.06119805700706,453.942742633105,458.1080789456966,34770500
2025-06-02,460.3502197265625,460.48971303831235,455.2880448481698,455.53716828611505,16626500
2025-06-03,461.3466796875,462.51259067234093,459.2440622117471,459.85193916930956,15743800
2025-06-04,462.2435302734375,464.05715611586317,461.3965045417047,462.3730793208357,14162700
2025-06-05,466.0401611328125,468.00325491639626,462.4029652503908,463.3296970825432,20131700
2025-06-06,468.7307434082031,471.6803564462113,467.13634729745564,468.4417517005521,15285600
2025-06-09,471.0924072265625,471.77001565920176,466.9768832876908,468.05311353771793,16469900
2025-06-10,469.26885986328125,471.14224260725143,465.3227226358238,469.53790223355384,15375900
2025-06-11,470.9628601074219,473.80287330978865,468.01324719222674,468.37197033665615,16399200
2025-06-12,477.1909484863281,478.73553201697933,471.8597009390277,473.3544415367432,18950600
2025-06-13,473.2946472167969,477.4998519181197,471.1023792861798,474.7395752703882,16814500
2025-06-16,477.46002197265625,479.00457509504827,473.3345233196989,473.5437784887318,15626100
2025-06-17,476.3638610839844,477.06138843382047,472.4177241014044,473.7331030955977,15414100
2025-06-18,478.5561218261719,479.313466764918,472.7963894918646,476.3239856832242,17526500
2025-06-20,475.7261047363281,481.76485435953526,475.1979642712812,480.53918652379775,37576200
2025-06-23,484.29595947265625,486.0398235242553,470.853268600571,476.53326469371973,24864000
2025-06-24,488.3915100097656,490.1254297173699,485.0931183138473,487.23560408546166,22305600
2025-06-25,490.5439758300781,492.8259550719198,487.67409932543603,490.3148017263918,17495100
2025-06-26,495.705810546875,496.29373818928514,491.08206511354325,491.2514824256969,21578900
2025-06-27,494.20111083984375,497.54931522943417,491.30131038962224,495.80545117387857,34539200
2025-06-30,495.66595458984375,499.0042146991214,493.5932305818623,495.2972567719388,28369000
2025-07-01,490.32470703125,496.30366915943387,489.2584818970934,494.729222512998,19945400
2025-07-02,489.36810302734375,491.76965656989233,486.98649882219644,488.2719538404123,16319600
2025-07-03,497.0909423828125,498.3764278450543,491.7098821739863,492.07857999859937,13984800
2025-07-07,495.974853515625,497.0012408266234,493.4935938943106,495.6360493014733,13981600
2025-07-08,494.8786926269531,496.4531696907806,492.3774837277821,495.4965138505155,11846600
2025-07-09,501.74456787109375,505.003091421344,497.98776704512187,498.54580110123976,18659500
2025-07-10,499.7216796875,502.67129257213526,496.0047471787155,501.2861517097084,16492100
2025-07-11,501.5552062988281,503.25920197660867,496.05454172265075,496.72220586888017,16459500
2025-07-14,501.2562561035156,502.2029372942231,499.273243347857,499.7615155353931,12058800
2025-07-15,504.04644775390625,506.51773265302506,501.027073076573,501.2562471634966,14927200
2025-07-16,503.84716796875,504.9433171823036,500.1302657221866,503.40870828332856,15154400
2025-07-17,509.9058532714844,511.5699807689203,503.84715436950415,503.9069415603956,17503100
2025-07-18,508.2615966796875,512.8355294984256,505.6507880659733,512.6760564474737,21209700
2025-07-21,508.2716064453125,510.29451797884275,503.777409841716,504.93334625634344,14066800
2025-07-22,503.4983825683594,509.40761357627605,503.4983825683594,509.1784090675831,13868600
2025-07-23,504.09625244140625,505.01304000657746,498.94439715180334,504.97317174446385,16396600
2025-07-24,509.0887451171875,511.86894085644093,505.5212803694045,506.98612743645725,16107000
2025-07-25,511.9088439941406,516.4727417364818,508.57055332296227,510.67314061143924,19125700
2025-07-28,510.7030334472656,513.1942677567645,508.3313735189307,512.2775105607909,14308000
2025-07-29,510.7727966308594,515.8050777848653,509.7663282358281,513.7224399565682,16469200
2025-07-30,511.4404296875,514.1409495778635,507.6537656967309,513.3636552782116,26380400
2025-07-31,531.62939453125,553.5024436401114,530.0350289229713,553.2831833968122,51617300
2025-08-01,522.2722778320312,533.9212911566675,519.0336734352546,533.1241083924594,28977600
2025-08-04,533.7619018554688,536.3627358241171,526.2782244119826,526.4177481275262,25349000
2025-08-05,525.8995361328125,535.41603854948,525.3913146279989,535.2964641743647,19171600
2025-08-06,523.0994262695312,529.8357336828143,522.1926437275052,529.0385508551038,21355700
2025-08-07,519.0137939453125,526.2383731099006,515.735290819572,524.9528573399085,16079100
2025-08-08,520.2095947265625,522.8204035830947,517.5888112007746,520.7676288144971,15531000
2025-08-11,519.9405517578125,525.7401525514866,517.8976909591346,520.4686618064882,20194400
2025-08-12,527.3843383789062,529.1182277589118,520.8672912006765,521.9135974657331,18667000
2025-08-13,518.7546997070312,530.8321983067945,517.5489204522431,530.244240271181,19619200
2025-08-14,520.6480102539062,524.1058750288076,518.3162490497452,520.7277467800332,20269100
2025-08-15,518.3461303710938,524.255330935539,517.2599862571353,520.9370505811125,25213300
2025-08-18,515.286865234375,520.9868407954262,512.2177084457264,519.7611730136332,23760600
2025-08-19,507.98260498046875,513.3536904476517,506.7668813962475,513.1942782099028,21481000
2025-08-20,503.9468078613281,509.2082935133009,502.6712971096552,508.0822507382742,27723000
2025-08-21,503.2980041503906,506.68168580920974,501.7808546744913,502.74904380636957,18443300
2025-08-22,506.2824401855469,509.77590173606455,501.471437254012,503.3079962424447,24324200
2025-08-25,503.3179931640625,507.2406441544574,503.1782400793436,505.6835608535286,21638600
2025-08-26,501.1021423339844,504.0366525259624,497.5787379824689,503.4177851675948,30835700
2025-08-27,505.7933349609375,506.34232576675964,498.96611661319633,501.06219963605827,17277900
2025-08-28,508.68792724609375,510.1352001425548,504.5556467937143,506.1426727693108,18015600
2025-08-29,505.7434387207031,508.64800611235046,503.5475364264987,507.7097597194238,20961600
2025-09-02,504.1763610839844,505.0547219959289,495.88188775050133,499.53505401941584,18128000
2025-09-03,504.40594482421875,506.8413890153064,501.3816064871684,502.8488615493355,16345100
2025-09-04,507.02105712890625,507.20071355848035,502.2100541109688,503.3578996917829,15509500
2025-09-05,494.0752868652344,511.0135863020471,491.4501951138555,508.11900990545524,31994800
2025-09-08,497.2693176269531,500.26371328397477,494.10522614671714,497.1794589519428,16771000
2025-09-09,497.4789123535156,501.3117351050236,496.77024724997165,500.4932596555404,14410500
2025-09-10,499.43524169921875,502.2899147028095,495.7920664455459,502.04038173392,21611800
2025-09-11,500.0740661621094,502.2300346920423,496.9499084839274,501.31173995388707,18881600
2025-09-12,508.94744873046875,511.59249216822343,502.9087629314118,505.70352006176233,23624900
2025-09-15,514.397216796875,514.5069966795595,506.05284913244947,507.8395136770829,17143800
2025-09-16,508.08905029296875,516.2637221986186,507.64986983793983,515.9144004162443,19711900
2025-09-17,509.06719970703125,510.33484666258875,504.9848440594251,509.6660849144807,15816600
2025-09-18,507.5001525878906,512.1115168727503,506.71161989545686,510.5344514878828,18913700
2025-09-19,516.96240234375,518.3298380532008,509.35664280609984,509.6061757592278,52474100
2025-09-22,513.4889526367188,516.772784556969,511.5824866494396,514.6268375894382,20009300
2025-09-23,508.2787170410156,513.6287198501773,506.3622903955001,512.8401566617626,19799600
2025-09-24,509.19696044921875,511.5225942719762,505.9730140478167,509.4265417419943,13533700
2025-09-25,506.0827941894531,509.0572380888419,504.09652154158834,507.3504106819217,15786500
2025-09-26,510.5045166015625,512.9798945996346,505.67356201643696,509.1071380786861,16213100
2025-09-29,513.6386108398438,515.8844074376258,507.9293260645142,510.5444265624633,17617800
2025-09-30,516.982421875,517.1919905812645,508.70790002171145,512.2811987663596,19728200
2025-10-01,518.7391357421875,519.5376290534263,510.7340986553811,513.8382741479315,22632300
2025-10-02,514.7765502929688,520.625588764222,509.7260051791023,516.6730253227585,21222900
2025-10-03,516.3834838867188,519.5176324904353,514.0378984273964,516.1339509263171,15112300
2025-10-06,527.5825805664062,530.0380069481532,517.2319577376861,517.6411650074094,21388600
2025-10-07,523.0010986328125,528.8102332144322,520.4658657072805,527.3030443984364,14615200
2025-10-08,523.8695068359375,525.9656203925812,522.1128458539913,522.3024933531,13363400
2025-10-09,521.4241333007812,523.3505205733983,516.4334737589328,521.3642478231245,18343600
2025-10-10,510.0054626464844,522.6019127014883,508.6779606337136,518.6692706129455,24133800
2025-10-13,513.0896606445312,515.4452371680482,510.7240930552238,515.4452371680482,14284200
2025-10-14,512.610595703125,514.3174231454748,505.05473007895694,509.2768388871209,14684300
2025-10-15,512.4708251953125,516.2238106749688,509.04724028199115,513.9979961583023,14694700
2025-10-16,510.65423583984375,515.884437136842,507.1807563967364,511.62245544117155,15559600
2025-10-17,512.62060546875,514.5170195527368,506.3622988729776,508.0890780500653,19867800
2025-10-20,515.8245239257812,517.730989827423,512.4708156147512,513.6486038577511,14665600
2025-10-21,516.6929321289062,517.7210372272165,512.0815676283437,516.533257830336,15586200
2025-10-22,519.5675659179688,524.2488070435115,516.7428964573043,520.1764726871388,18962700
2025-10-23,519.5875244140625,522.9712060783663,517.6411550810741,521.4839993377199,14023500
2025-10-24,522.6318359375,524.3685757173844,519.7372899447384,521.8133604589415,15532400
2025-10-27,530.527099609375,533.5813808592218,528.0217787333662,530.7866236569336,18734700
2025-10-28,541.057373046875,552.6855732732587,539.7598137450263,548.9725518014023,29986700
2025-10-29,540.538330078125,545.2495444281135,535.7273269044096,543.9220119141725,36023000
2025-10-30,524.77783203125,533.9705877450752,521.1446173319796,529.4889853080866,41023100
2025-10-31,516.8426513671875,528.3311587204174,514.137692119172,527.8919782690999,34006400
2025-11-03,516.0641479492188,523.9793263365088,513.628703759196,518.8389228578652,22374700
2025-11-04,513.3692016601562,514.5868933466259,506.8913048594995,510.80399534425794,20958700
2025-11-05,506.2125549316406,513.8682396575209,505.6336213981725,512.3410686781482,23024300
2025-11-06,496.1713562011719,504.75529633258907,494.88375756631746,504.7153625290288,27406500
2025-11-07,495.8918762207031,498.4470913363115,492.32853818272196,496.02163823572937,24019800
2025-11-10,505.0547180175781,505.9031361854127,497.8681564860657,499.10586069795033,26101500
2025-11-11,507.7297058105469,508.64800052182136,501.411544557113,503.85694933091565,17980000
2025-11-12,510.1851501464844,510.7141588310794,498.18758530403636,508.4084461357136,26574900
2025-11-13,502.34979248046875,512.54071024479,500.3535287599438,509.3566671737073,25273100
2025-11-14,509.2268981933594,510.644258818196,496.51070821491913,497.2992409027003,28505700
2025-11-17,506.54193115234375,511.16328656765256,503.9667643395777,507.5001596757347,19092800
2025-11-18,492.8675537109375,502.0403882023454,485.87063942574486,494.44458869198826,33815100
2025-11-19,486.2099914550781,494.264922953439,481.9279972054541,489.18443539234676,23245300
2025-11-20,478.42999267578125,493.57000732421875,475.5,492.7099914550781,26802500
2025-11-21,472.1199951171875,478.9200134277344,468.2699890136719,478.5,31769200
2025-11-24,474.0,476.8999938964844,468.0199890136719,475.0,34421000
2025-11-25,476.989990234375,479.1499938964844,464.8900146484375,474.07000732421875,28019800
2025-11-26,485.5,488.30999755859375,481.20001220703125,486.30999755859375,25709100
2025-11-28,492.010009765625,492.6300048828125,486.6499938964844,487.6000061035156,14386700
2025-12-01,486.739990234375,489.8599853515625,484.6499938964844,488.44000244140625,23964000
2025-12-02,490.0,493.5,486.32000732421875,486.7200012207031,19562700
2025-12-03,477.7300109863281,484.239990234375,475.20001220703125,476.32000732421875,34615100
2025-12-04,480.8399963378906,481.32000732421875,476.489990234375,479.760009765625,22318200
2025-12-05,483.1600036621094,483.3999938964844,478.8800048828125,482.5199890136719,22608700
2025-12-08,491.0199890136719,492.29998779296875,484.3800048828125,484.8900146484375,21965900
2025-12-09,492.0199890136719,492.1199951171875,488.5,489.1000061035156,14696100
2025-12-10,478.55999755859375,484.25,475.0799865722656,484.0299987792969,35756200
2025-12-11,483.4700012207031,486.0299987792969,475.8599853515625,476.6300048828125,24669200
2025-12-12,478.5299987792969,482.45001220703125,476.3399963378906,479.82000732421875,21248100
2025-12-15,474.82000732421875,480.7200012207031,472.5199890136719,480.1000061035156,23727700
2025-12-16,476.3900146484375,477.8900146484375,470.8800048828125,471.9100036621094,20705600
2025-12-17,476.1199951171875,480.0,475.0,476.9100036621094,24527200
2025-12-18,483.9800109863281,489.6000061035156,477.8900146484375,478.19000244140625,28573500
2025-12-19,485.9200134277344,487.8500061035156,482.489990234375,487.3599853515625,70836100
2025-12-22,484.9200134277344,488.7300109863281,482.69000244140625,486.1199951171875,16963000
2025-12-23,486.8500061035156,487.8299865722656,484.739990234375,484.9800109863281,14683600
2025-12-24,488.0199890136719,489.1600036621094,484.8299865722656,485.67999267578125,5855900
2025-12-26,487.7099914550781,488.1199951171875,485.9599914550781,486.7099914550781,8842200
2025-12-29,487.1000061035156,488.3500061035156,484.17999267578125,484.8599853515625,10893400
2025-12-30,487.4800109863281,489.67999267578125,485.5,485.92999267578125,13944500
2025-12-31,483.6199951171875,488.1400146484375,483.29998779296875,487.8399963378906,15601600
2026-01-02,472.94000244140625,484.6600036621094,470.1600036621094,484.3900146484375,25571600
2026-01-05,472.8500061035156,476.07000732421875,469.5,474.05999755859375,25250300
2026-01-06,478.510009765625,478.739990234375,469.75,473.79998779296875,23037700
2026-01-07,483.4700012207031,489.70001220703125,477.95001220703125,479.760009765625,25564200
2026-01-08,478.1099853515625,482.6600036621094,475.8599853515625,481.239990234375,18162600
2026-01-09,479.2799987792969,479.82000732421875,472.20001220703125,474.05999755859375,18491000
2026-01-12,477.17999267578125,480.989990234375,475.67999267578125,476.6700134277344,23519900
2026-01-13,470.6700134277344,475.7799987792969,465.95001220703125,474.67999267578125,28545800
2026-01-14,459.3800048828125,468.20001220703125,457.1700134277344,466.4599914550781,28154700
2026-01-15,460.7799987792969,464.1199951171875,457.5299987792969,466.3450012207031,10120411
